,id,brand,car_model,type,desc,problem,datetime,status
0,490161,一汽-大众奥迪,奥迪Q5L,2020款 40 TFSI 荣享进取型,一汽大众奥迪Q5L发动机故障灯常亮,"A34,",2020-07-01,信息审核
1,490160,东风标致,标致207,2011款 1.4 手动 驭乐版 两厢,东风标致207一挡起步踩油门时离合器打滑,"C16,",2020-07-01,信息审核
2,490159,吉利汽车,星越,2019款 350T 耀星者,吉利星越车机死机黑屏要求更换硬件,"H155,M279,",2020-07-01,信息审核
3,490156,上汽大众,Polo,2018款 1.5L 自动 安驾型,上汽大众Polo转向异响希望厂家处理问题,"D59,",2020-07-01,信息审核
4,490155,长安汽车,长安欧尚X7,2020款 1.5T 自动 豪华型,长安欧尚X7车辆尾灯减配变速箱换挡闯挡,"B19,M279,Q350,",2020-07-01,信息审核
5,490154,吉利汽车,星越,2019款 改款 350T 耀星者,吉利星越车机卡顿死机要求更换硬件,"H155,M279,",2020-07-01,信息审核
6,490153,吉利汽车,星越,2019款 350T 耀星者,吉利星越车机系统升级后出现卡顿黑屏,"O348,",2020-07-01,信息审核
7,490152,广汽三菱,欧蓝德,2019款 2.4L 两驱 致行版 5座 国V,广汽三菱欧蓝德中控台刹车异响严重,"E43,H93,",2020-07-01,信息审核
8,490151,一汽-大众,探岳,2019款 330TSI 两驱 豪华型 国Ⅵ,一汽大众探岳车灯透镜通透性差车灯亮度不足,"H82,",2020-07-01,信息审核
9,490147,吉利汽车,星越,2019款 350T 耀星者,吉利星越车机系统升级措施不到位,"O348,",2020-07-01,信息审核
10,490146,吉利汽车,星越,2019款 350T 驭星者,吉利星越车机系统升级后未能解决问题,"O348,",2020-07-01,信息审核
11,490145,吉利汽车,星越,2019款 300T 耀星者,吉利星越车机系统升级后死机卡顿,"O348,",2020-07-01,信息审核
12,490144,MINI,MINI,2018款 1.5T ONE 五门版,MINI涡轮增压器再次异响厂家不予保修,"A9,A189,I297,",2020-07-01,信息审核
13,490143,东风雷诺,科雷傲,2018款 2.0L 两驱 120周年限量版,东风雷诺科雷傲行驶过程中车内有低频嗡嗡声,"H164,",2020-07-01,信息审核
14,490142,骐铃汽车,骐铃T7,2018款 2.0T PLUS 两驱 豪华版 标准轴距 4K21D4T,江铃骐铃T7发动机和SVS故障灯亮动力不足,"A34,A163,A114,",2020-07-01,信息审核
15,490140,吉利汽车,星越,2019款 300T 耀星者,吉利星越车机系统升级后卡顿未解决	,"O348,",2020-07-01,信息审核
16,490139,吉利汽车,星越,2019款 改款 350T 耀星者,吉利星越车机硬件厂家未提供解决方案,"I295,",2020-07-01,信息审核
17,490138,吉利新能源,星越新能源,2019款 改款 400T 耀星者 纯电动续航56KM,吉利星越新能源车机卡顿死机版本与宣传不符,"H155,M279,",2020-07-01,信息审核
18,490137,一汽-大众,探岳,2019款 330TSI 两驱 尊贵型 国V,一汽大众探岳前大灯透镜出现白色雾气,"H82,",2020-07-01,信息审核
19,490134,吉利汽车,星越,2019款 350T 耀星者,吉利星越车机软件升级后卡顿希望厂家处理,"O348,",2020-07-01,信息审核
20,490133,众泰汽车,众泰T700,2017款 2.0T 双离合 豪华型,众泰T700转向助力失效4S店服务态度恶劣,"D156,D112,H168,I295,I293,I294,I282,K307,N318,",2020-07-01,信息审核
21,490132,吉利汽车,星越,2019款 350T AWD 驭星者,吉利星越车机系统升级后卡顿死机现象未解决,"O348,",2020-07-01,信息审核
22,490131,长城汽车,哈弗H2,2016款 1.5T 手动 两驱豪华型,哈弗H2离合器踏板弹簧无法回位车辆再次启动,"C16,",2020-07-01,信息审核
23,490130,吉利汽车,星越,2019款 350T 耀星者,吉利星越升级车机后依然卡顿要求更换硬件,"O348,",2020-07-01,信息审核
24,490128,吉利汽车,星越,2019款 300T 耀星者,吉利星越车机软件升级后比之前卡顿更严重,"H155,M279,",2020-07-01,信息审核
25,490127,一汽-大众,宝来,2017款 1.6L 手动 舒适型,一汽大众宝来左前大灯开裂 升降开关脱落,"H168,H220,",2020-07-01,信息审核
26,490125,吉利汽车,星越,2019款 350T 耀星者,吉利星越车机系统升级后仍然出现卡顿	,"O348,",2020-07-01,信息审核
27,490123,吉利汽车,星越,2019款 350T 耀星者,吉利星越车机系统死机卡顿升级后问题更严重,"O348,",2020-07-01,信息审核
28,490122,吉利汽车,星越,2019款 350T 暗夜骑士限量版,吉利星越升级车机系统后还是有卡顿现象,"O348,",2020-07-01,信息审核
29,490120,广汽本田,飞度,2014款 1.5L CVT LX舒适型,广汽本田飞度冷车启动发动机存在异响,"A9,",2020-07-01,信息审核
0,490116,观致汽车,观致5,2018款 1.6T 自动 尊贵型,观致5中控无故黑屏希望厂家尽快解决,"H134,",2020-07-01,信息审核
1,490114,吉利汽车,缤越,2019款 260T DCT 骑士 国VI,吉利缤越车机系统黑屏死机升级承诺不兑现,"H155,L314,",2020-07-01,信息审核
2,490111,吉利汽车,博越,2016款 2.0L 手动 两驱 智尚型,吉利博越变速箱异响车辆跑偏气囊报警,"B33,G117,H103,J298,",2020-07-01,信息审核
3,490110,吉利汽车,星越,2019款 300T 耀星者,吉利星越车机软件进行升级硬件未处理,"O348,",2020-07-01,信息审核
4,490109,吉利汽车,星越,2019款 300T 耀星者,吉利星越车机卡顿升级后未解决要求升级硬件,"L314,",2020-07-01,信息审核
5,490107,吉利汽车,星越,2019款 300T 耀星者,吉利星越车机升级系统后依然出现卡顿黑屏,"H155,O348,",2020-07-01,信息审核
6,490106,吉利汽车,帝豪GS,2019款 1.5TD DCT 动 260T,吉利帝豪GS空调压缩机制冷时噪音大车内异响,"H101,H164,",2020-07-01,信息审核
7,490105,吉利汽车,星越,2019款 300T 耀星者,吉利星越车机系统升级后依旧黑屏卡顿,"H155,O348,",2020-07-01,信息审核
8,490104,广汽丰田,凯美瑞,2019款 2.0G 豪华版 国VI,广汽丰田凯美瑞前挡风玻璃处出现裂痕,"H113,",2020-07-01,信息审核
9,490100,上汽通用五菱,五菱荣光小卡,2019款 1.5L 基本型 单排 L3C 国VI,上汽通用五菱荣光小卡发动机支架螺丝断裂,"A145,",2020-07-01,信息审核
10,490098,吉利汽车,星越,2019款 300T 耀星者,吉利星越车机升级后多功能方向盘按键失灵,"O348,",2020-07-01,信息审核
11,490094,吉利汽车,星越,2019款 350T 暗夜骑士限量版,吉利星越车机系统升级后出现死机,"O348,",2020-07-01,信息审核
12,490093,吉利汽车,星越,2019款 350T 耀星者,吉利星越车机系统升级后死机严重,"O348,",2020-07-01,信息审核
13,490092,一汽-大众奥迪,奥迪Q5,2016款 40 TFSI 技术型,一汽大众奥迪Q5发动机节温器漏防冻液,"A37,",2020-07-01,信息审核
14,490091,吉利汽车,星越,2019款 300T 耀星者,吉利星越车机升级后死机卡顿严重,"O348,",2020-07-01,信息审核
15,490090,广汽本田,雅阁,2016款 2.0L CVT  舒适版,广汽本田雅阁车身抖动 邓禄普轮胎开裂	,"F100,H268,",2020-07-01,信息审核
16,490088,吉利汽车,星越,2019款 改款 350T 耀星者,吉利星越车机卡顿死机系统版本与宣传不符	,"H155,M279,",2020-07-01,信息审核
17,490087,吉利汽车,星越,2019款 350T 暗夜骑士限量版,吉利星越车机升级后卡顿要求更换车机,"H155,L313,O348,",2020-07-01,信息审核
18,490086,吉利汽车,星越,2019款 350T 暗夜骑士限量版,吉利星越车机系统升级后比之前还卡,"H155,O348,",2020-07-01,信息审核
19,490085,长安跨越,跨越王X1,2018款 1.2L 标准型 单排 后双轮 加长货箱 LJ469Q-AEB,长安跨越王X1新车车身倾斜4S店不予处理,"G83,I295,J298,O305,O324,",2020-07-01,信息审核
20,490083,奇瑞汽车,瑞虎8,2019款 1.6TGDI 自动 精英型,奇瑞瑞虎8引擎盖生锈4S店出售库存车,"H79,M283,",2020-07-01,信息审核
21,490082,吉利汽车,星越,2019款 350T 耀星者,吉利星越车机进行系统升级后还是卡顿,"O348,",2020-07-01,信息审核
22,490081,上汽通用五菱,宝骏560,2016款 1.5T 手动 精英型,上汽通用五菱宝骏560马牌轮胎出现裂痕,"F100,",2020-07-01,信息审核
23,490080,吉利汽车,星越,2019款 350T 驭星者,吉利星越车机升级后依旧有卡顿黑屏现象,"O348,",2020-07-01,信息审核
24,490076,吉利汽车,星越,2019款 350T 暗夜骑士限量版,吉利星越车机系统升级后依然卡顿死机,"H155,",2020-07-01,信息审核
25,490068,吉利汽车,星越,2019款 350T 驭星者,吉利星越车机系统升级后卡滞严重,"H155,O348,",2020-07-01,信息审核
26,490066,吉利汽车,星越,2019款 300T 耀星者,吉利星越车机升级后依然卡顿 雨刮抖动,"H155,H60,O348,",2020-07-01,信息审核
27,490065,吉利汽车,嘉际,2019款 1.5TD MHEV DCT 尊享型,吉利嘉际氛围灯与宣传不符厂家不予解决,"I295,I294,M279,",2020-07-01,信息审核
28,490064,吉利汽车,星越,2019款 350T 暗夜骑士限量版,吉利星越车机死机黑屏要求厂家兑现承诺,"H155,M279,",2020-07-01,信息审核
29,490062,吉利汽车,星越,2019款 350T 耀星者,吉利星越车机升级后依然卡顿要求处理,"O348,",2020-07-01,信息审核
0,490061,吉利汽车,星越,2019款 350T 耀星者,吉利星越车机软硬件总成调包以次充好,"O348,",2020-07-01,信息审核
1,490060,长安汽车,长安欧尚X7,2020款 1.5T 自动 豪华型,长安欧尚X7车辆尾灯功能不全与宣传不符,"M279,",2020-07-01,信息审核
2,490054,众泰汽车,云100,2014款 云100 舒适型,众泰云100动力电池故障无配件4S店不处理,"H343,I295,I281,N318,",2020-07-01,信息审核
3,490052,吉利汽车,帝豪,2015款 1.5L CVT 向上版 三厢,吉利帝豪变速箱换挡机构故障无法断电,"B96,B184,",2020-07-01,信息审核
4,490051,吉利汽车,星越,2019款 300T 耀星者,吉利星越升级车机后依然卡顿无法彻底解决,"O348,",2020-07-01,信息审核
5,490050,吉利汽车,星越,2019款 350T 暗夜骑士限量版,吉利星越升级车机后卡顿 内饰异响,"H164,H155,O348,",2020-07-01,信息审核
6,490049,吉利汽车,星越,2019款 改款 350T 耀星者,吉利星越车机卡顿 导航出现死机黑屏现象,"H134,H155,M279,",2020-07-01,信息审核
7,490048,吉利汽车,星越,2019款 改款 350T 耀星者,吉利星越车机系统升级后卡顿未解决,"O348,",2020-07-01,信息审核
8,490047,吉利汽车,星越,2019款 350T 驭星者,吉利星越出现死机现象系统版本不符,"H155,M279,",2020-07-01,信息审核
9,490046,广汽丰田,凯美瑞,2019款 双擎 2.5HG 豪华版 国VI,广汽丰田凯美瑞发动机机油增多超过上限,"A339,",2020-07-01,信息审核
10,490044,奇瑞汽车,艾瑞泽7e,2016款 1.6L e 致享版,奇瑞艾瑞泽7e车辆无法充电无召回通知,"A34,B96,H340,",2020-07-01,信息审核
11,490042,吉利汽车,星越,2019款 350T 耀星者,吉利星越车机系统出现死机要求升级硬件	,"H155,",2020-07-01,信息审核
12,490040,吉利汽车,星越,2019款 350T 耀星者,吉利星越车机系统升级后依然死机黑屏	,"H155,O348,",2020-07-01,信息审核
13,490038,吉利汽车,星越,2020款 350T 驭星者,吉利星越车机系统升级后死机卡顿影响使用,"O348,",2020-07-01,信息审核
14,490037,吉利汽车,星越,2019款 350T 暗夜骑士限量版,吉利星越车机系统升级后仍然存在问题,"O348,",2020-07-01,信息审核
15,490036,吉利汽车,星越,2019款 350T 驭星者,吉利星越车机系统升级后依然死机卡顿,"O348,",2020-07-01,信息审核
16,490035,江淮汽车,瑞风S3,2016款 1.5L 手动 豪华智能尊享版,江淮瑞风S3打方向时卡顿异响希望厂家处理,"D59,D123,",2020-07-01,信息审核
17,490033,吉利汽车,星越,2019款 350T 驭星者,吉利星越车机升级后比之前卡顿严重,"H155,O348,",2020-07-01,信息审核
18,490032,吉利汽车,星越,2019款 350T AWD 驭星者,吉利星越车机系统升级后依然卡顿	,"H155,O348,",2020-07-01,信息审核
19,490031,吉利汽车,星越,2019款 350T 驭星者,吉利星越车机升级后依然卡顿死机,"H155,O348,",2020-07-01,信息审核
20,490030,上汽集团,名爵6,2014款 1.8L 手动 驾值版 掀背,上汽名爵6双闪灯自动开启希望厂家处理,"H110,",2020-07-01,厂家受理
21,490026,吉利汽车,星越,2019款 300T 耀星者,吉利星越车机黑屏操作版本与宣传不符	,"H155,M279,",2020-07-01,信息审核
22,490025,吉利汽车,星越,2019款 350T 耀星者,吉利星越车机死机系统升级不兑现	,"H155,M279,",2020-07-01,信息审核
23,490024,吉利汽车,星越,2019款 350T AWD 驭星者,吉利星越车机升级后比之前卡顿希望处理,"H155,O348,",2020-07-01,信息审核
24,490023,上汽集团,名爵HS,2019款 30T 自动 两驱 Trophy超能版 国VI,上汽名爵HS发动机油耗高车身漆面变色,"A85,H201,",2020-07-01,厂家受理
25,490017,一汽-大众奥迪,奥迪A4L,2020款 40 TFSI 时尚动感型,一汽大众奥迪A4L SOS紧急呼叫功能故障,"H170,",2020-07-01,信息审核
26,490016,一汽-大众奥迪,奥迪Q3,2018款 30 TFSI 风尚型 30周年年型,一汽大众奥迪Q3刹车失灵 故障灯亮,"A174,E29,E62,",2020-07-01,信息审核
27,490012,上汽大众,朗逸,2018款 280TSI DSG 豪华版 国V,上汽大众朗逸轮毂氧化售后不予质保,"H243,",2020-07-01,信息审核
28,490009,一汽丰田,卡罗拉,2019款 1.2T S-CVT GL-i豪华版,一汽丰田卡罗拉发动机异响 变速箱低速顿挫,"A9,B19,",2020-07-01,信息审核
29,490007,奥迪（进口）,奥迪Q7,2018款 45 TFSI 尊贵型,进口奥迪Q7车内异味不散 空调出风异味,"H185,H121,",2020-07-01,信息审核
0,490001,上汽大众,途观L,2019款 330TSI 自动 两驱 R-Line旗舰版 国V,上汽大众途观L升降挡时变速箱顿挫有异响,"B33,B19,",2020-07-01,信息审核
1,490000,吉利汽车,博越,2020款 1.8TD DCT 智领PRO,吉利博越实车变速箱没有挡位指示灯,"M279,",2020-07-01,信息审核
2,489997,上汽斯柯达,明锐,2017款 1.6L 手动 智行版,斯柯达明锐发动机离合器异响变速箱漏油,"A9,C65,G204,G51,H192,",2020-07-01,信息审核
3,489995,上汽大众,朗逸,2019款 280TSI DSG 舒适版 国VI,上汽大众朗逸电瓶亏电中控屏自动亮起,"H134,H146,H82,",2020-06-30,信息审核
4,489992,上汽斯柯达,明锐,2015款 1.6L 自动 逸致版,斯柯达明锐车内一直有浓重的异味,"H185,",2020-06-30,信息审核
5,489988,领克汽车,领克01,2019款 2.0T 两驱型 Pro版 国VI,领克01行驶过程中后视镜和车门有异响,"H72,H211,",2020-06-30,信息审核
6,489987,长安马自达,马自达3 昂克赛拉,2016款 1.5L 自动 豪华型 三厢,马自达昂克赛拉中控屏开裂 仪表盘边框掉漆,"H134,H81,",2020-06-30,信息审核
7,489986,北京奔驰,奔驰C级,2020款 C 260 L 运动版,北京奔驰C级发动机抖动故障灯闪烁,"A24,A34,",2020-06-30,信息审核
8,489985,上汽大众,朗逸,2013款 1.6L 自动 风尚版 改款,上汽大众朗逸车内一直存在浓重的异味,"H185,",2020-06-30,信息审核
9,489984,奔驰（进口）,奔驰S级,2019款 S 450 L 4MATIC,奔驰S级轮毂开裂厂家拖延不给处理,"H243,I295,I282,",2020-06-30,信息审核
10,489979,上汽斯柯达,晶锐,2017款 1.4L 手动 车享版,斯柯达晶锐轮速传感器损坏要求厂家处理,"E74,H234,",2020-06-30,信息审核
11,489978,奇瑞汽车,艾瑞泽5,2018款 1.5L CVT 致敬青春版,奇瑞艾瑞泽5行驶过程中方向盘抖动,"D80,",2020-06-30,信息审核
12,489973,长城汽车,哈弗H7,2017款 2.0T 尊贵型 蓝标 H7L,哈弗H7变速箱漏油维修后未解决,"B22,",2020-06-30,信息审核
13,489972,奥迪（进口）,奥迪Q7,2016款 40 TFSI S-Line运动型,奥迪Q7转动方向盘时存在吱吱异响,"D59,",2020-06-30,信息审核
14,489967,北京现代,名图,2014款 1.8L 自动 智能型,北京现代名图发动机怠速抖动 一键升降失灵,"A24,H67,",2020-06-30,信息审核
15,489964,江铃集团新能源,易至EV3,2019款 悦跑版,江铃新能源易至EV3前保险杠右侧车漆翘皮,"H81,",2020-06-30,信息审核
16,489961,吉利汽车,星越,2019款 300T 耀星者,吉利星越升级车机后更加卡顿希望尽快解决,"O348,",2020-06-30,信息审核
17,489960,广汽丰田,凯美瑞,2007款 240G 豪华版,广汽丰田凯美瑞中控仪表盘冒油严重,"H176,",2020-06-30,信息审核
18,489958,奇瑞新能源,奇瑞eQ1,2017款 智享版,奇瑞eQ1动力电池缺陷导致续航里程不足,"H343,H344,",2020-06-30,信息审核
19,489956,广汽本田,雅阁,2016款 2.0L CVT 精英版,广汽本田雅阁座椅开裂 中控异响 导航死机,"H134,H168,H93,",2020-06-30,信息审核
20,489954,吉利汽车,博越,2020款 1.8TD DCT 智领PRO,吉利博越与宣传不符实车缺少挡位灯,"M279,",2020-06-30,信息审核
21,489953,一汽-大众奥迪,奥迪A6L,2012款 35 FSI CVT 豪华型,一汽大众奥迪A6L全景天窗漏水要求免费维修,"H90,",2020-06-30,信息审核
22,489952,长安汽车,逸动DT,2018款 1.6L 手动 智享型,长安逸动DT发动机噪音大抖动车机系统卡顿,"A9,A24,H155,H201,",2020-06-30,信息审核
23,489951,吉利汽车,远景,2015款 1.5L 手动 进取型,吉利远景变速箱电脑板再次出现故障,"B115,",2020-06-30,信息审核
24,489950,一汽大众,捷达VS5,2019款 280TSI 自动 荣耀型,一汽大众捷达VS5发动机故障灯亮,"A34,",2020-06-30,信息审核
25,489949,一汽-大众,速腾,2019款 280TSI DSG 舒适型 国VI,一汽大众速腾机油增多希望尽快处理,"A339,",2020-06-30,信息审核
26,489948,一汽-大众,速腾,2019款 280TSI DSG 舒适型 国VI,一汽大众速腾新车变速箱异响4S店不处理,"B33,",2020-06-30,信息审核
27,489944,上汽通用五菱,宝骏560,2017款 1.5T DCT 尊享型,宝骏560变速器异响加速无力频繁跳挡,"B33,B334,B27,",2020-06-30,信息审核
28,489943,一汽丰田,奕泽IZOA,2018款 2.0L 奕驰版 国VI,一汽丰田奕泽油箱密封胶圈产生裂纹,"H168,",2020-06-30,信息审核
29,489940,吉利汽车,博越,2018款 1.8TD 自动 两驱 智联型 4G互联版,吉利博越车漆开裂4S店倒车撞断后保险杠,"H81,J299,",2020-06-30,信息审核
0,489939,广汽本田,飞度,2016款 1.5L LX CVT 舒适型,广汽本田飞度空调不制冷启动后高温报警,"A191,H101,",2020-06-30,信息审核
1,489938,比亚迪,比亚迪S7,2016款 2.0T 自动 豪华型,比亚迪S7变速箱抖动希望厂家召回处理,"B95,",2020-06-30,厂家受理
2,489937,上汽大众,途观L,2018款 380TSI 自动 四驱 豪华版,上汽大众途观L发动机启停故障存在质量问题,"H263,J298,",2020-06-30,信息审核
3,489935,广汽丰田,雷凌,2019款 双擎 1.8H E-CVT 豪华版 国VI,广汽丰田雷凌方向跑偏变速箱异响严重,"B33,G117,",2020-06-30,信息审核
4,489930,上汽大众,途昂,2020款 380TSI 四驱 旗舰版 国VI,上汽大众途昂变速箱漏油要求更换总成,"B22,",2020-06-30,信息审核
5,489928,吉利汽车,远景,2019款 升级版 1.5L CVT 尊贵型 国VI,吉利远景销售商承诺退续保押金未兑现,"L313,",2020-06-30,信息审核
6,489927,华晨宝马,宝马X1,2016款 xDrive20Li 豪华型,华晨宝马X1行驶途中无力存在安全隐患,"A44,A255,H134,",2020-06-30,信息审核
7,489926,奇瑞汽车,瑞虎8,2018款 1.5TCI 自动 豪华型 5座,奇瑞瑞虎8转向异响维修未解决问题,"D59,",2020-06-30,信息审核
8,489925,上汽大众,朗逸,2017款 1.6L 自动 风尚版,上汽大众朗逸车内异味希望厂家处理问题,"H185,",2020-06-30,信息审核
9,489922,上汽集团,名爵6,2019款 20T 自动 Trophy 十周年版,上汽名爵6系统升级后油耗偏高动力消失,"A85,A255,O348,",2020-06-30,厂家受理
10,489919,北京现代,领动,2019款 1.4T 双离合 炫动·活力型,北京现代领动转向异响发动机故障灯亮,"A9,A34,D59,",2020-06-30,信息审核
11,489918,上汽斯柯达,明锐,2017款 1.6L 自动 智行版,斯柯达明锐中网进气口严重掉漆脱皮,"H81,",2020-06-30,信息审核
12,489917,猎豹汽车,猎豹CS10,2017款 2.0T 自动 豪华型,猎豹CS10方向机天窗车门异响希望处理,"D59,H72,H89,",2020-06-30,信息审核
13,489916,奇瑞汽车,艾瑞泽5,2017款 1.5L 手动 领潮版,奇瑞艾瑞泽5车辆漆面生锈影响美观,"H79,H81,",2020-06-30,信息审核
14,489915,奥迪（进口）,奥迪A7,2018款 40 TFSI 进取型,奥迪A7经销商变相收费要求尽快处理,"K307,",2020-06-30,信息审核
15,489914,吉利汽车,缤越,2019款 260T DCT Battle 运动款 国V,吉利缤越前悬挂行驶不平整路面时异响,"G56,",2020-06-30,信息审核
16,489912,吉利汽车,帝豪GL,2017款 1.8L 手动 精英型,吉利帝豪GL气囊报警 尾灯起雾 转向与减震响,"D59,G52,H88,H103,",2020-06-30,信息审核
17,489911,长安汽车,长安CS75 PLUS,2020款 2.0T 自动 旗舰型,长安CS75 PLUS车机卡顿影响正常使用,"H155,",2020-06-30,信息审核
18,489909,吉利汽车,缤越,2019款 260T DCT 骑士 国VI,吉利缤越经销商变相收取续保押金,"K307,",2020-06-30,信息审核
19,489906,领克汽车,领克01,2017款 2.0T 自动 两驱 型 Pro,领克01车机死机 发动机异响 刹车盘磨损,"A9,E47,H155,",2020-06-30,信息审核
20,489903,东风裕隆,U5 SUV,2017款 1.6L CVT 旗舰版,纳智捷U5 SUV经销商一直无配件导致无法维修,"N318,",2020-06-30,厂家受理
21,489901,东风标致,标致408,2015款 1.2T 自动 豪华版,东风标致408空调不制冷影响正常使用,"H101,",2020-06-30,厂家受理
22,489900,吉利汽车,星越,2019款 改款 300T 耀星者,吉利星越车机系统升级后卡顿要求处理,"H155,O348,",2020-06-30,信息审核
23,489899,东风标致,标致308,2014款 乐享版 经典 1.6L 手动 优尚型,东风标致308扬声器无防水罩导致喇叭进水,"H109,",2020-06-30,厂家受理
24,489897,吉利汽车,远景,2017款 1.5L 手动 幸福版,吉利远景开启空调后压缩机出现异响,"H101,",2020-06-30,信息审核
25,489895,上汽大众,途观L,2018款 330TSI 自动 两驱 舒适版,上汽大众途观L车辆无法启动要求厂家处理,"A44,",2020-06-30,信息审核
26,489892,一汽-大众,迈腾,2017款 330TSI DSG 豪华型,一汽大众迈腾4S店内私自收取金融服务费,"K307,",2020-06-30,信息审核
27,489891,吉利汽车,星越,2019款 350T 耀星者,吉利星越变速箱挂D挡溜车刹车踩不住,"E29,",2020-06-30,信息审核
28,489888,雷克萨斯,雷克萨斯NX,2015款 200t 锋尚版 全驱 5座,雷克萨斯NX发动机真空阀损坏出现异响,"A9,A163,",2020-06-30,信息审核
29,489887,长城汽车,哈弗H6 Coupe,2019款 1.5T 自动 两驱 豪华智联版 国V,哈弗H6 Coupe国5车型不支持远程控制,"M279,",2020-06-30,处理反馈
0,489885,吉利汽车,星越,2019款 350T 耀星者,吉利星越紧急救援电话形同虚设无法拨通,"H155,",2020-06-30,信息审核
1,489883,上汽大众,途观L新能源,2019款 430PHEV 混动豪华版,上汽大众途观L新能源仪表盘外罩开裂,"H168,",2020-06-30,信息审核
2,489882,上汽大众,凌渡,2019款 280TSI DSG 舒适版 国VI,上汽大众凌渡变速箱异响且有拖挡现象	,"B33,B69,",2020-06-30,信息审核
3,489881,上汽斯柯达,明锐,2015款 1.6L 手动 逸杰版,斯柯达明锐车内异味更换隔音棉后异味加重,"H185,",2020-06-30,信息审核
4,489879,精灵Smart,smart fortwo,2015款 1.0L 硬顶灵动版,smart fortwo方向机异响经销商故意拖延,"D59,I282,",2020-06-30,信息审核
5,489877,一汽丰田,威驰,2017款 1.5L CVT 创行版,一汽丰田威驰后减震器漏油要求免费更换,"G25,",2020-06-30,信息审核
6,489876,比亚迪,比亚迪e6,2016款 400 豪华版,比亚迪e6电池衰减严重要求厂家质保,"H343,",2020-06-30,厂家受理
7,489871,吉利汽车,星越,2019款 350T 耀星者,吉利星越车机软件升级后仍然卡顿,"O348,",2020-06-30,信息审核
8,489868,上汽斯柯达,明锐,2017款 1.6L 自动 智行版,斯柯达明锐中网起泡掉漆脱皮存在质量问题,"B19,H81,",2020-06-30,信息审核
9,489864,一汽-大众,迈腾,2019款 330TSI DSG 豪华型 国VI,一汽大众迈腾变速箱异响顿挫漏油,"B33,B19,B22,",2020-06-30,信息审核
10,489863,东风标致,标致508,2019款 508L 400THP PureTech 驾控版 国VI,东风标致508发动机缺缸故障灯亮车身抖动,"A24,A34,H268,",2020-06-30,厂家受理
11,489862,一汽丰田,亚洲龙,2019款 双擎 2.5L XLE 尊贵版 国Ⅵ,一汽丰田亚洲龙中控 扶手箱 B柱异响,"H164,H93,H15,J298,",2020-06-30,信息审核
12,489860,上汽斯柯达,昊锐,2009款 1.8TSI 自动 优雅版,斯柯达昊锐车内异味严重影响健康,"H185,",2020-06-30,信息审核
13,489859,奇瑞汽车,奇瑞E3,2013款 1.5L 风尚型,奇瑞E3底盘异响车窗无法正常升降,"G158,H67,",2020-06-30,信息审核
14,489856,一汽-大众,高尔夫,2019款 280TSI DSG 舒适型 国V,一汽大众高尔夫保险杠有二次喷漆现象,"M284,",2020-06-30,信息审核
15,489854,上汽大众,朗逸,2019款 280TSI DSG 舒适版 国VI,上汽大众朗逸韩泰轮胎有漏气的现象,"F41,",2020-06-30,信息审核
16,489853,吉利汽车,远景,2016款 1.5L 自动 幸福版,吉利远景变速箱故障无法行驶要求解决,"B334,",2020-06-30,信息审核
17,489852,上汽集团,锐腾,2017款 20T 手动 豪华版,上汽名爵锐腾换完离合器转向灯异响,"J300,",2020-06-30,厂家受理
18,489849,吉利汽车,缤越,2019款 260T DCT 骑士 国V,吉利缤越制动踏板异响车机承诺升级未兑现,"E43,L314,",2020-06-30,信息审核
19,489848,广汽本田,飞度,2014款 1.5L CVT SE时尚型,广汽本田飞度冷车时发动机异响严重,"A9,",2020-06-30,信息审核
20,489847,吉利汽车,帝豪,2016款 1.3T CVT 向上版 三厢,吉利帝豪4S店使用副厂件更换维修水平极差,"J303,N317,N319,",2020-06-30,信息审核
21,489846,吉利汽车,星越,2019款 350T 耀星者,吉利星越车机死机与宣传不符 内饰异响,"H164,H155,M279,Q322,",2020-06-30,信息审核
22,489844,一汽大众,捷达VS5,2019款 280TSI 自动 荣耀型,捷达VS5两后轮刹车盘生锈 车门进水,"E42,H109,",2020-06-30,处理反馈
23,489843,吉利汽车,星越,2019款 350T 驭星者,吉利星越车机卡顿死机黑屏系统与宣传不符,"H155,M279,",2020-06-30,信息审核
24,489842,上汽大众,途安,2016款 途安L 280TSI 手动 舒适版,上汽大众途安车辆多个系统故障要求解决,"H110,",2020-06-30,信息审核
25,489838,北京现代,领动,2019款 1.4T 双离合 炫动·活力型,北京现代领动右前轮耐克森轮胎出现鼓包现象,"F39,",2020-06-30,处理反馈
26,489837,一汽大众,捷达VS7,2020款 1.4T 自动 荣耀型,捷达VS7雨刷槽漏水导致涡轮增压器生锈,"H79,H109,",2020-06-30,用户评分
27,489835,北汽银翔,幻速H3F,2016款 H3F 1.5L 手动 尊贵型,北汽幻速H3F车身漏水导致车内积水严重,"H109,",2020-06-30,信息审核
28,489834,长安汽车,长安欧尚科赛,2020款 GT 2.0T 自动 悦尚型 7座,长安欧尚科赛前挡风玻璃处漏水导致车内进水,"H109,",2020-06-30,信息审核
29,489833,吉利汽车,博越,2020款 1.8TD DCT 智尊PRO,别克博越挡位灯与雾灯简配与宣传不符,"M279,",2020-06-30,信息审核
0,489831,上汽大众,途观L,2018款 330TSI 自动 两驱 旗舰版,上汽大众途观L装饰亮条掉漆更换后未解决,"H81,",2020-06-30,信息审核
1,489829,吉利汽车,星越,2019款 350T 驭星者,吉利星越车机升级后开机缓慢 语音无法识别,"O348,",2020-06-30,信息审核
2,489828,上汽通用五菱,五菱宏光PLUS,2020款 1.5L 手动 标准型 5座,上汽通用五菱宏光PLUS新车胎压监测报警,"H203,I295,",2020-06-30,信息审核
3,489826,上汽大众,朗逸,2018款 1.5L 自动 风尚版 经典 国VI,上汽大众朗逸熄火后油箱处异响厂家不解决,"H147,",2020-06-30,信息审核
4,489816,东风悦达起亚,智跑,2019款 2.0L 自动 智享豪华版,东风悦达起亚智跑减震器异响存在质量问题,"G52,",2020-06-30,信息审核
5,489810,北京奔驰,奔驰C级,2020款 C 200 L 时尚型运动版,北京奔驰C级发动机盖与叶子板间摩擦掉漆,"H81,",2020-06-30,信息审核
6,489809,宝马（进口）,宝马X6,2020款 xDrive30i M运动套装,进口宝马X6经销商强制购买盗抢险,"K325,",2020-06-30,信息审核
7,489808,东风标致,标致308,2018款 1.6L 自动 豪华版,东风标致308转向或不平路面行驶右前轮异响,"G125,",2020-06-30,处理反馈
8,489807,比亚迪,比亚迪S7,2015款 2.0T 升级版 自动 尊贵型,比亚迪S7变速器异响顿挫希望厂家给予处理,"B33,B19,H90,I297,",2020-06-30,处理反馈
9,489806,广汽本田,飞度,2004款 两厢飞度 1.5 AT CVT,广汽本田飞度变速箱无法加速厂家不给解决,"B334,I297,K307,",2020-06-30,信息审核
10,489805,广汽本田,飞度,2014款 1.5L CVT SE时尚型,广汽本田飞度发动机启动时异响车门漏水,"A9,H109,",2020-06-30,信息审核
11,489803,长安马自达,马自达3 昂克赛拉,2016款 1.5L 自动 豪华型 三厢,长安马自达昂克赛拉中控屏幕脱胶开裂,"H168,",2020-06-30,处理反馈
12,489795,上汽大众,途观L,2018款 330TSI 自动 两驱 舒适版,上汽大众途观L后轮吃胎偏磨希望厂家处理,"G245,",2020-06-30,信息审核
13,489794,吉利汽车,星越,2019款 350T AWD 驭星者,吉利星越车机系统与宣传不符 变速箱顿挫,"B19,M279,",2020-06-30,处理反馈
14,489792,广汽本田,凌派,2019款 180Turbo CVT 豪华版 国VI,广汽本田凌派承诺赠送保养需要额外支付费用,"K307,L314,",2020-06-30,信息审核
15,489790,奇瑞汽车,艾瑞泽7e,2016款 1.6L e 致尚版,奇瑞艾瑞泽7e变速箱故障厂家不给保修,"B334,I297,",2020-06-30,用户评分
16,489789,长安马自达,马自达3 昂克赛拉,2017款 1.5L 手动 舒适型 三厢 国V,长安马自达昂克赛拉4S店未经同意保养车辆,"I282,O305,",2020-06-30,处理反馈
17,489787,一汽青岛解放,一汽解放,解放虎vh,一汽解放虎VH发动机故障灯亮加速无力,"A34,A163,",2020-06-30,信息审核
18,489785,一汽大众,捷达VS7,2020款 1.4T 自动 荣耀型,捷达VS7挡风玻璃处漏水导致涡轮增压器生锈,"H79,H109,",2020-06-30,处理反馈
19,489784,比亚迪,速锐,2012款 1.5TID 自动 豪华型,比亚迪速锐行驶中方向盘抖动存在安全隐患,"D80,",2020-06-30,处理反馈
20,489781,吉利汽车,星越,2019款 改款 350T 驭星者,吉利星越车机系统升级后卡顿影响使用,"O348,",2020-06-30,用户评分
21,489780,广汽本田,雅阁,2018款 260TURBO 精英版 国V,广汽本田雅阁普利司通轮胎磨损内侧吃胎,"F10,G245,",2020-06-30,信息审核
22,489778,广汽三菱,劲炫ASX,2018款 2.0L CVT 两驱 尊享版,广汽三菱劲炫高速行驶中刹车盘断裂,"E239,H168,",2020-06-30,厂家受理
23,489777,一汽大众,捷达VS7,2020款 1.4T 自动 进取型,捷达VS7经销商收取金融服务费3000元,"A24,G117,H164,H109,H88,K307,",2020-06-30,厂家受理
24,489775,一汽大众,捷达VS5,2019款 280TSI 自动 荣耀型,捷达VS5加满油后行驶中汽油箱有异响,"H147,",2020-06-30,信息审核
25,489774,吉利汽车,星越,2019款 改款 350T 耀星者,吉利星越车机系统卡顿出现黑屏现象,"H155,M279,",2020-06-30,用户评分
26,489773,上汽大众,朗逸,2019款 1.5L 自动 舒适版 国VI,上汽大众朗逸发动机异响清理积碳未解决,"A9,I292,J301,",2020-06-30,信息审核
27,489769,一汽-大众奥迪,奥迪A4L,2017款 quattro 2.0T 双离合 特别版,一汽大众奥迪A4L变速箱漏油4S店拒绝理赔,"B22,",2020-06-30,信息审核
28,489768,广汽本田,飞度,2014款 1.5L CVT LX舒适型,广汽本田飞度冷车启动时发动机异响,"A9,",2020-06-30,信息审核
29,489767,东风标致,标致408,2016款 1.6T 自动 豪华版,东风标致408怠速时发动机容易熄火,"A14,H78,",2020-06-30,处理反馈
0,489764,广汽本田,冠道,2019款 240TURBO 两驱 尊享版,广汽本田冠道发动机与变速箱漏油,"A12,B22,",2020-06-30,信息审核
1,489763,吉利汽车,星越,2019款 350T 耀星者,吉利星越升级后出现车机黑屏现象,"H155,O348,",2020-06-30,处理反馈
2,489758,开瑞汽车,优优EV,2018款 34kWh三元锂动力电池组车型,开瑞优优EV快速充电系统故障时间长,"H340,",2020-06-30,厂家受理
3,489757,上汽斯柯达,速派,2016款 TSI280  DSG 前行版,斯柯达速派发动机特定转速区间车身抖动,"H268,",2020-06-30,信息审核
4,489754,众泰汽车,芝麻,2018款 eZ 翼享版,众泰芝麻行驶中提示动力电池故障影响使用,"H343,",2020-06-30,信息审核
5,489753,吉利汽车,博越,2020款 1.8TD DCT 智尊PRO,吉利博越无前雾灯和挡位灯影响行车安全,"M279,",2020-06-30,处理反馈
6,489750,一汽-大众奥迪,奥迪A4L,2019款 40 TFSI 进取型 国VI,一汽大众奥迪A4L变速箱顿挫车身共振,"B19,H268,",2020-06-30,信息审核
7,489749,北京现代,领动,2016款 1.4T  双离合 炫动·活力型,北京现代领动启动后ABS故障灯常亮,"E74,",2020-06-30,信息审核
8,489748,吉利汽车,博越,2020款 1.8TD DCT 智尊PRO,吉利博越挡位灯与宣传不符厂家疑似简配,"M279,",2020-06-30,处理反馈
9,489747,一汽-大众,T-ROC探歌,2020款 280TSI DSG 两驱 进取型,一汽大众探歌发动机高压油泵有异响,"A9,",2020-06-30,信息审核
10,489744,一汽-大众,C-TREK蔚领,2017款 1.6L 自动 舒适型,一汽大众蔚领行驶中踩刹车座椅晃动,"H169,",2020-06-30,信息审核
11,489742,东风本田,哥瑞,2016款 1.5L CVT 舒适版,东风本田哥瑞冷启动后发动机异响,"A9,",2020-06-30,信息审核
12,489741,华晨宝马,宝马X1,2018款 sDrive18Li 时尚型,华晨宝马X1经销商承诺赠送两次保养不兑现,"L314,",2020-06-30,信息审核
13,489740,领克汽车,领克01,2019款 2.0T 两驱型 Pro版 国VI,领克01主驾驶座椅开裂售后不予质保,"H168,H169,",2020-06-30,处理反馈
14,489737,奇瑞新能源,瑞虎3xe,2018款 480 畅行版,奇瑞瑞虎3xe快充性能不达标要求解决,"H340,",2020-06-30,信息审核
15,489735,一汽-大众,T-ROC探歌,2020款 280TSI DSG 两驱 舒适型,一汽大众探歌停放中车窗玻璃突然自爆,"H113,",2020-06-30,信息审核
16,489731,广汽丰田,凯美瑞,2019款 双擎 2.5HG 豪华版 国VI,广汽丰田凯美瑞双擎发动机机油乳化增多,"A339,A13,",2020-06-30,信息审核
17,489730,吉利汽车,嘉际,2019款 1.5TD MHEV DCT 尊享型,吉利嘉际使用车载蓝牙接听电话时没有声音,"H155,H157,M279,",2020-06-30,处理反馈
18,489726,上汽集团,名爵6,2017款 20T 手动 豪华智联版 国V,上汽名爵6离合器异响存在质量问题,"C65,",2020-06-30,厂家受理
19,489725,北京现代,途胜,2018款 1.6T 双离合 两驱 15周年特别版,北京现代途胜发动机异响噪音大底盘异响,"A9,A38,G56,G117,J300,",2020-06-30,信息审核
20,489724,众泰汽车,众泰T600,2017款 1.5T 手动 精英 贺岁版,众泰T600涡轮增压器异响 发动机熄火,"A14,A189,",2020-06-30,厂家受理
21,489722,一汽-大众,迈腾,2020款 330TSI DSG 豪华型,一汽大众迈腾大灯透镜发白影响照明,"H82,",2020-06-30,处理反馈
22,489721,东风标致,标致308,2016款 1.6L 自动 豪华版,东风标致308发动机故障灯亮容易熄火,"A34,A163,A14,H78,",2020-06-30,用户评分
23,489719,吉利汽车,博越,2020款 1.8TD DCT 智领PRO,吉利博越车机系统及功能与宣传时不符,"M279,",2020-06-30,处理反馈
24,489718,上汽集团,名爵6,2019款 20T 手动 运动版,上汽名爵6发动机报警升级后动力下降,"A34,A163,O348,",2020-06-30,厂家受理
25,489716,华晨鑫源,金杯T52,2018款 1.5L 创富型 后双轮 DLCG14,华晨鑫源金杯T52发动机怠速不稳容易熄火,"A14,A35,H168,",2020-06-30,信息审核
26,489715,吉利汽车,缤越,2019款 运动款 260T DCT Battle 国VI 运动款,吉利缤越不平路面行驶时减震器有异响,"G52,",2020-06-30,处理反馈
27,489714,上汽斯柯达,Yeti,2016款 1.4TSI DSG 前行版,斯柯达Yeti车内异味严重影响健康,"H185,",2020-06-30,信息审核
28,489709,一汽-大众,迈腾,2019款 330TSI DSG 豪华型 国VI,一汽大众迈腾降挡时变速箱存在异响,"B33,",2020-06-30,处理反馈
29,489708,一汽-大众奥迪,奥迪A6L,2019款 45 TFSI 臻选动感型,一汽大众奥迪A6L发动机抖动熄火无法行驶,"A24,A14,B334,",2020-06-30,信息审核
0,489707,吉利汽车,星越,2019款 改款 350T 耀星者,吉利星越车机黑屏死机操作系统与宣传不符,"H155,M279,",2020-06-30,处理反馈
1,489705,吉利汽车,星越,2019款 350T 耀星者,吉利星越车机开机慢 导航卡滞无法使用,"H21,H155,",2020-06-30,用户评分
2,489699,SWM斯威汽车,SWM斯威X7,2016款 1.5T 豪华型,斯威X7转向异响严重厂家不予质保处理,"D59,I297,",2020-06-30,信息审核
3,489697,上汽大众,途安,2016款 途安L 280TSI 自动 舒适版,上汽大众途安DSG变速箱故障厂家不给保修,"B20,B115,I295,I297,",2020-06-30,信息审核
4,489694,长城汽车,哈弗H6 Coupe,2015款 2.0T 手动 两驱精英型,哈弗H6 Coupe车辆延保服务4S店不予兑现,"L314,",2020-06-30,处理反馈
5,489692,北京现代,现代ix35,2012款 2.0L 自动 四驱 尊贵版 GLS,北京现代ix35发动机异响天窗漏水严重,"A9,G162,H90,",2020-06-30,信息审核
6,489691,吉利汽车,星越,2019款 300T 耀星者,吉利星越销售承诺贷款购车可过户与实际不符,"K307,L313,",2020-06-30,厂家受理
7,489688,奔驰（进口）,奔驰GLE,2020款 GLE 450 4MATIC 豪华型 改款,进口奔驰GLE车内无线充电处异响更换未解决,"H164,",2020-06-30,信息审核
8,489687,吉利汽车,星越,2019款 350T 暗夜骑士限量版,吉利星越升级车机系统后云壁纸无法使用,"O348,",2020-06-30,处理反馈
9,489686,长安标致雪铁龙DS,DS6,2016款 1.6T 豪华版THP160,长安标致雪铁龙DS6发动机进气歧管漏油,"A12,",2020-06-30,信息审核
10,489683,吉利汽车,星越,2019款 350T 耀星者,吉利星越车机版本与宣传不符并且死机黑屏,"H155,M279,",2020-06-30,处理反馈
11,489682,一汽-大众奥迪,奥迪Q5,2016款 40 TFSI 舒适型,一汽大众奥迪Q5节温器漏防冻液厂家虚假回复,"A37,I295,I294,",2020-06-30,信息审核
12,489680,众泰汽车,众泰T600,2017款 1.5T 手动 豪华 贺岁版,众泰T600油箱扣手断裂 离合分泵漏油,"C207,H168,H67,",2020-06-30,厂家受理
13,489679,上汽集团,荣威i6新能源,2017款 45T 混动 互联智享版,上汽荣威i6新能源行驶中无动力加油不走,"A341,",2020-06-30,信息审核
14,489678,上汽通用五菱,新宝骏RS-3,2020款 1.5L CVT 24小时在线精英型,新宝骏RS-3行驶中方向盘抱死4S店不处理,"D123,E74,H101,I295,I281,J298,J300,",2020-06-30,信息审核
15,489677,北汽新能源,EV系列,2016款 EV160 轻快版,北汽新能源EV享受置换补贴后不予质保,"I297,",2020-06-30,处理反馈
16,489676,吉利汽车,远景,2018款 1.5L 手动 幸福版,吉利远景车门及车身螺栓生锈厂家不解决问题,"H79,",2020-06-30,用户评分
17,489675,广汽本田,飞度,2014款 1.5L CVT LX舒适型,广汽本田飞度冷车启动时发动机有异响,"A9,",2020-06-30,信息审核
18,489673,东风标致,标致408,2015款 1.2T 自动 豪华版,东风标致408右前减震器漏油要求免费更换,"G25,",2020-06-30,处理反馈
19,489672,东风标致,标致408,2015款 1.2T 自动 豪华版,东风标致408召回皮带后严重烧机油,"A63,",2020-06-30,信息审核
20,489670,吉利汽车,星越,2019款 300T 耀星者,吉利星越更换中控屏后要求厂家进行补偿,"H155,I297,",2020-06-30,处理反馈
21,489667,众泰汽车,众泰T700,2017款 1.8T 手动 尊享型,众泰T700减震器漏油 助力油泄漏 不予索赔,"D58,G25,I297,",2020-06-30,厂家受理
22,489666,吉利汽车,星越,2019款 350T AWD 驭星者,吉利星越车机升级后死机卡顿原车功能丢失,"H155,O348,",2020-06-30,处理反馈
23,489665,吉利汽车,星越,2019款 300T 耀星者,吉利星越车机卡死升级后未解决希望处理,"H134,H155,O348,",2020-06-30,处理反馈
24,489663,众泰汽车,众泰T700,2017款 1.8T 双离合 尊享型,众泰T700转向沉重存在严重质量问题,"D156,",2020-06-30,厂家受理
25,489660,吉利汽车,星越,2019款 300T 耀星者,吉利星越中控车机死机系统与宣传不符,"H155,M279,",2020-06-30,处理反馈
26,489657,广汽本田,凌派,2016款 1.8L CVT 舒适版,广汽本田凌派车门内侧出现生锈的现象,"H79,",2020-06-30,用户评分
27,489656,领克汽车,领克01,2017款 2.0T 自动 两驱 型 Pro,领克01远光灯不亮4S店拒绝免费更换,"H82,I297,",2020-06-30,处理反馈
28,489654,吉利汽车,星越,2019款 350T 暗夜骑士限量版,吉利星越车机升级后卡顿严重中控台异响,"H93,O348,",2020-06-30,信息审核
29,489652,上汽大众,朗逸,2018款 1.5L 自动 舒适版 国V,上汽大众朗逸仪表盘开裂装饰条有裂纹,"H168,H179,H149,I295,",2020-06-30,信息审核
0,489651,广汽本田,飞度,2014款 1.5L CVT SE时尚型,广汽本田飞度启动机故障希望厂家给予保修,"A44,I297,Q290,",2020-06-30,处理反馈
1,489650,东南汽车,东南DX3,2018款 1.5T 手动 旗舰型 SRG,东南DX3转向管柱异响 车身异响 油箱异响,"C267,D59,H147,",2020-06-30,信息审核
2,489647,上汽通用五菱,五菱荣光小卡,2019款 1.5L 基本型 双排 L3C 国VI,上汽通用五菱荣光小卡发生自燃厂家未回复	,"H40,I294,",2020-06-30,厂家受理
3,489646,吉利汽车,星越,2019款 改款 350T 驭星者,吉利星越车机死机系统与厂家宣传不符,"H155,M279,",2020-06-30,处理反馈
4,489644,福田汽车,祥菱V,2018款 1.5L 半承载 3170轴距(厢车)DAM15R,福田祥菱V车身外廓尺寸与合格证不符,"M284,",2020-06-30,信息审核
5,489642,江铃汽车,驭胜S350,2016款 2.0T 手动 四驱 汽油 豪华天窗版 5座,江铃驭胜S350车身多处生锈 胎压监测系统故障,"H79,H203,",2020-06-30,厂家受理
6,489641,奇瑞汽车,艾瑞泽GX,2018款 1.5T CVT 型色版 国V,奇瑞艾瑞泽GX车门边缘出现生锈的现象,"H79,",2020-06-30,处理反馈
7,489639,吉利汽车,帝豪GS,2020款 1.4T CVT 雅,吉利帝豪GS变速箱故障灯亮售后服务差,"B96,I293,",2020-06-30,用户评分
8,489637,吉利汽车,缤越,2019款 260T DCT 骑士 国VI,吉利缤越车机系统升级不兑现 门窗漏风,"H144,L314,",2020-06-30,处理反馈
9,489635,知豆电动车,知豆D2,2017款 D2S,知豆D2下雨天提示电瓶故障码售后无法解决,"H146,I295,",2020-06-30,厂家受理
10,489634,一汽-大众,速腾,2019款 280TSI DSG 舒适型 国VI,一汽大众速腾左后轮刹车异响开空调有异味,"E43,H101,",2020-06-30,处理反馈
11,489632,一汽-大众,迈腾,2020款 330TSI DSG 领先型,一汽大众迈腾发动机异响要求厂家给予处理,"A9,",2020-06-30,处理反馈
12,489628,一汽-大众,速腾,2018款 280TSI DSG熠动版,一汽大众速腾多个故障灯报警4S店不回复,"H110,H104,I295,",2020-06-30,处理反馈
13,489624,宝马（进口）,宝马3系GT,2019款 320i M运动套装,进口宝马3系GT空调不制冷要求厂家处理,"H101,",2020-06-30,信息审核
14,489623,东风标致,标致207,2011款 1.4 手动 驭乐版 两厢,东风标致207灯组合开关故障希望厂家解决,"H71,",2020-06-30,处理反馈
15,489622,一汽丰田,卡罗拉,2019款 双擎 1.8L E-CVT GL-i精英版,一汽丰田卡罗拉起步时发动机舱传来异响,"B33,",2020-06-30,信息审核
16,489620,奇瑞汽车,瑞虎8,2018款 1.5TCI 手动 豪华型 7座,奇瑞瑞虎8行车过程中灯光熄灭 车身生锈,"E43,G52,H79,H82,",2020-06-30,处理反馈
17,489617,广汽本田,雅阁,2016款 2.0L E-CVT 锐酷版 混动,广汽本田雅阁电瓶亏电厂家一直不予解决,"H146,",2020-06-30,处理反馈
18,489616,一汽-大众,探岳,2019款 330TSI 两驱 豪华型 国Ⅵ,一汽大众探岳内饰被4S店损坏 赔偿不兑现,"J300,L314,",2020-06-30,处理反馈
19,489613,北京现代,瑞纳,2016款 1.4L 手动 时尚型GS,现代瑞纳4S店维修期间将行车记录仪损坏,"I295,J300,",2020-06-30,厂家受理
20,489611,一汽-大众,速腾,2018款 280TSI DSG熠动版,一汽大众速腾顶棚鼓包 刹车盘生锈,"E42,H168,",2020-06-30,处理反馈
21,489610,吉利新能源,星越新能源,2019款 400T 耀星者 纯电动续航56KM,吉利星越新能源车机系统要求硬件升级,"M279,",2020-06-30,处理反馈
22,489609,北京现代,领动,2016款 1.6L 自动 智炫·精英型,北京现代领动后备箱车内开关失效,"H68,",2020-06-29,信息审核
23,489606,广汽本田,雅阁,2018款 2.0L 锐酷版 锐·混动 国VI,广汽本田雅阁4S店更换刹车泵后出现新问题,"J300,J299,",2020-06-29,处理反馈
24,489604,众泰汽车,众泰Z300,2014款 1.5L 手动 新视界版时尚型,众泰Z300 ABS故障灯亮 售后查不出原因,"E74,J301,",2020-06-29,厂家受理
25,489599,广汽本田,雅阁,2018款 260TURBO 精英版 国VI,广汽本田雅阁雨天高速行驶时发动机失速,"A255,",2020-06-29,处理反馈
26,489597,吉利汽车,星越,2019款 改款 350T 驭星者AWD,吉利星越车机系统升级后卡顿死机中控台异响,"H93,H155,O348,",2020-06-29,信息审核
27,489596,东风标致,标致308,2014款 乐享版 经典 1.6L 手动 优尚型,东风标致308 4S店承诺不兑现售后服务态度差,"I293,L314,",2020-06-29,处理反馈
28,489595,江淮汽车,江淮iEV,2015款 纯电动 iEV5,江淮iEV过减速带后发动机失去动力,"A255,",2020-06-29,处理反馈
29,489594,吉利汽车,吉利GX7,2014款 1.8L 手动 超值版,吉利GX7转向系统漏油 4S店服务态度差,"D58,N320,",2020-06-29,处理反馈
0,489593,广汽丰田,汉兰达,2017款 2.0T 四驱 豪华版 7座,广汽丰田汉兰达发动机抖动高速行驶时失速,"A24,A255,",2020-06-29,信息审核
1,489591,一汽-大众,速腾,2012款 1.4TSI DSG 豪华型,一汽大众速腾变速箱升挡时抖动要求处理,"B95,",2020-06-29,处理反馈
2,489590,吉利汽车,星越,2019款 350T 驭星者,吉利星越车机卡顿死机空调风力无法调节,"H101,H155,",2020-06-29,信息审核
3,489589,一汽-大众奥迪,奥迪A4L,2019款 40 TFSI 时尚型 国VI,一汽大众奥迪A4L发动机机油压力过低,"A34,",2020-06-29,信息审核
4,489588,吉利汽车,博越,2020款 1.8TD DCT 智尊PRO,吉利博越4S店在网上恶意透露客户信息,"L314,",2020-06-29,信息审核
5,489587,广汽本田,飞度,2016款 1.5L LXS CVT 舒适天窗版,广汽本田飞度车内异味希望厂家处理问题,"H185,",2020-06-29,处理反馈
6,489581,一汽-大众,探岳,2019款 330TSI 两驱 豪华型 国Ⅵ,一汽大众探岳大灯模糊透镜有阴影水渍,"H82,",2020-06-29,处理反馈
7,489578,北京奔驰,奔驰C级,2015款 200 L,北京奔驰C级空调翻板损坏导致温度不同,"H101,",2020-06-29,信息审核
8,489577,林肯（进口）,林肯MKC,2017款 2.0T 两驱 尊雅版,林肯MKC防冻液进入缸体导致发动机大修,"A191,A136,",2020-06-29,信息审核
9,489572,众泰汽车,众泰T500,2018款 1.5T 自动 智能互联尊贵型 5座,众泰T500排气支管破裂 厂家不提供配件,"H168,H31,N318,",2020-06-29,厂家受理
10,489571,上汽大众,途岳,2020款 280TSI 两驱 豪华版PLUS 国VI,上汽大众途岳四条韩泰轮胎出现裂纹,"F100,",2020-06-29,信息审核
11,489568,吉利汽车,缤越,2019款 260T DCT 游侠 国VI 运动款,吉利缤越底盘异响 踩刹车时异响,"E43,G56,",2020-06-29,处理反馈
12,489567,吉利汽车,星越,2019款 改款 350T 耀星者,吉利星越升级车机后卡顿希望尽快解决,"O348,",2020-06-29,处理反馈
13,489566,一汽丰田,亚洲龙,2019款 2.5L Touring 尊贵版 国Ⅵ,一汽丰田亚洲龙驾驶员头枕变形无法回弹,"H157,",2020-06-29,信息审核
14,489565,一汽奔腾,奔腾X40,2019款 1.6L 手动 豪华型 国V,一汽奔腾X40全车电压低 发动机抖动,"A24,A34,A163,",2020-06-29,厂家受理
15,489564,上汽集团,名爵6,2014款 1.8L TST 驾值版 掀背,上汽名爵6停车后双闪无故亮起希望解决,"H64,H49,",2020-06-29,处理反馈
16,489563,长安马自达,马自达3 昂克赛拉,2019款 云控版 三厢 1.5L 自动 舒适型 国VI,长安马自达昂克赛拉金融公司索要服务费,"K307,",2020-06-29,处理反馈
17,489562,吉利汽车,星越,2019款 350T 耀星者,吉利星越升级车机后依然卡顿要求更换硬件,"O348,",2020-06-29,处理反馈
18,489560,吉利汽车,远景,2016款 1.5L 自动 幸福版,吉利远景变速箱损坏无法加速4S店不予保修,"B334,I297,",2020-06-29,处理反馈
19,489559,众泰汽车,众泰T700,2017款 1.8T 双离合 尊贵型,众泰T700门把手损坏前轴承损坏右后胎压失灵,"G125,H203,H233,",2020-06-29,厂家受理
20,489558,一汽大众,捷达VS7,2020款 1.4T 自动 进取型,捷达VS7后备箱漏水导致积水严重,"H109,",2020-06-29,处理反馈
21,489557,北京现代,现代ix25,2015款 1.6L 自动 两驱 尊贵型 DLX 5座,北京现代ix25水箱风扇损坏售后不予质保,"A191,",2020-06-29,信息审核
22,489556,东风标致,标致508,2015款 1.8THP 自动 致尊版,东风标致508高速行驶中发动机故障灯报警,"A34,A163,",2020-06-29,处理反馈
23,489555,奇瑞新能源,瑞虎3xe,2018款 400 畅享版,奇瑞瑞虎3xe多次出现行驶中突然断电失控,"A346,",2020-06-29,厂家受理
24,489550,上汽集团,荣威RX3,2018款 1.6L CVT 旗舰版,荣威RX3底盘生锈 方向盘异响无人解决问题,"D59,H79,I295,",2020-06-29,处理反馈
25,489546,吉利汽车,博越,2020款 1.8TD DCT 智尊PRO,吉利博越实车没有挡位指示灯与宣传不符,"M279,",2020-06-29,处理反馈
26,489543,上汽大众,朗逸,2019款 280TSI DSG 舒适版 国VI,上汽大众朗逸刹车异响分泵不回位,"E43,E196,",2020-06-29,信息审核
27,489542,东风本田,本田UR-V,2017款 370TURBO 四驱 尊享版 国V,东风本田UR-V变速箱升挡时异响维修无法解决,"B33,",2020-06-29,处理反馈
28,489541,众泰汽车,大迈X5,2015款 1.5T CVT 地主型 国IV,众泰大迈X5发动机抖动熄火无法行驶,"A24,A14,",2020-06-29,处理反馈
29,489540,东风标致,标致408,2016款 1.6T 自动 豪华版,东风标致408发动机抖动 动力下降,"A24,A34,A163,",2020-06-29,处理反馈
0,489539,北京现代,领动,2016款 1.6L 手动 智炫·青春型,北京现代领动打方向异响 车门生锈 无法启动,"A44,D59,H79,",2020-06-29,信息审核
1,489538,猎豹汽车,猎豹CS9,2017款 1.5L CVT 舒适型,猎豹CS9行驶中方向机异响厂家无配件,"D59,D265,N318,",2020-06-29,信息审核
2,489537,众泰汽车,众泰T300,2017款 1.5L 手动 尊享型,众泰T300动力输出不平稳提速顿挫,"B19,",2020-06-29,厂家受理
3,489535,北京现代,菲斯塔,2019款 280TGDi 运动版 国VI,北京现代菲斯塔大灯损坏4S店使用旧件,"N316,",2020-06-29,信息审核
4,489534,东风标致,标致408,2015款 1.2T 自动 豪华版,东风标致408空调不制冷希望厂家处理,"H101,",2020-06-29,处理反馈
5,489533,广汽三菱,欧蓝德,2020款 2.0L 两驱 畅享版 5座,广汽三菱欧蓝德新车底盘出现异响,"G56,",2020-06-29,厂家受理
6,489531,广汽三菱,欧蓝德,2020款 2.4L 四驱 致享版 7座,广汽三菱欧蓝德发动机抖动加速无力,"A9,A24,A163,",2020-06-29,厂家受理
7,489530,东风日产,天籁,2020款 2.0L XL Upper 智行版,东风日产天籁车载互联APP无法使用,"H155,",2020-06-29,厂家受理
8,489529,奇瑞汽车,捷途X70,2018款 1.5T 自动 悦行版,捷途X70行驶中减震过硬悬挂异响严重,"G52,G204,G125,G171,",2020-06-29,用户评分
9,489528,吉利汽车,帝豪,2019款 领军版 1.5L 手动 向上互联型 国VI,吉利帝豪车身多处生锈发动机噪音大,"A38,H79,H81,",2020-06-29,处理反馈
10,489527,长安马自达,马自达3 昂克赛拉,2016款 2.0L 自动 运动型 三厢,长安马自达昂克赛拉转向异响希望厂家处理,"D59,",2020-06-29,处理反馈
11,489524,吉利汽车,远景,2016款 1.5L 手动 幸福版,吉利远景变速箱挂挡不走存在质量问题,"B334,",2020-06-29,处理反馈
12,489523,东风悦达起亚,K5凯酷,2016款 1.6T 自动 GLS,东风悦达起亚K5凯酷发动机漏油转向异响,"A12,D59,",2020-06-29,处理反馈
13,489522,东风雪铁龙,世嘉,2013款 1.6L 自动 品享型 三厢,东风雪铁龙世嘉减震弹簧断裂存在质量问题,"H168,",2020-06-29,用户评分
14,489520,广汽本田,飞度,2014款 1.5 CVT EXLI领先型,广汽本田飞度启动时发动机异响严重,"A9,",2020-06-29,用户评分
15,489517,奇瑞汽车,艾瑞泽5,2018款 1.5L 手动 致敬青春版,奇瑞艾瑞泽5转向外拉杆橡胶套破裂,"H168,",2020-06-29,处理反馈
16,489514,华晨宝马,宝马5系,2017款 520Li 典雅型,华晨宝马5系方向机故障希望厂家处理,"D265,",2020-06-29,信息审核
17,489512,广汽本田,雅阁,2016款 2.0L CVT 精英版,广汽本田雅阁单侧日行灯不亮 中控异响,"H93,H82,",2020-06-29,处理反馈
18,489511,一汽-大众,速腾,2018款 280TSI 双离合 豪华型,一汽大众速腾韩泰轮胎开裂影响安全,"F100,",2020-06-29,处理反馈
19,489510,上汽集团,荣威RX3,2018款 1.6L CVT 旗舰版,上汽荣威RX3天窗异响维修后未解决,"H89,",2020-06-29,处理反馈
20,489508,东风标致,标致308,2016款 1.6L 自动 豪华版,东风标致308发动机故障灯报警希望处理,"A34,",2020-06-29,处理反馈
21,489507,吉利汽车,星越,2019款 300T 耀星者,吉利星越车机与宣传不符并且死机卡顿,"H155,M279,",2020-06-29,处理反馈
22,489506,北京现代,名图,2019款 1.8L 自动 尊贵型DLX 国VI,北京现代名图后悬挂存在异响无法解决,"G56,M279,",2020-06-29,信息审核
23,489505,一汽丰田,亚洲龙,2019款 2.0L 进取版 国VI,一汽丰田亚洲龙发动机舱进泥浆希望处理,"Q322,",2020-06-29,信息审核
24,489501,广汽丰田,凯美瑞,2015款 2.0G 自动 领先版,广汽丰田凯美瑞方向盘脱皮希望解决,"H81,",2020-06-29,信息审核
25,489500,一汽-大众,探岳,2019款 330TSI 四驱 豪华型 国Ⅵ,一汽大众探岳赠送保养经销商收费,"K307,",2020-06-29,处理反馈
26,489496,吉利汽车,星越,2019款 350T 暗夜骑士限量版,吉利星越车机卡顿死机升级后未解决,"H155,O348,",2020-06-29,处理反馈
27,489495,一汽-大众,速腾,2019款 200TSI 手动 舒适型 国VI,一汽大众速腾半离合状态下发动机转速升高,"C16,",2020-06-29,处理反馈
28,489494,吉利汽车,远景,2020款 1.5L 手动 亚运版,吉利远景减配胎压显示 车窗共振	,"H268,Q350,Q349,",2020-06-29,厂家受理
29,489492,长安跨越,新豹T3,2018款 1.2L 舒适型 单排 后单轮 标准货箱,长安跨越新豹T3配件质量差要求退换车,"N317,",2020-06-29,处理反馈
0,489490,比亚迪,比亚迪F0,2010款 尚酷爱国版 1.0 手动 悦酷型,比亚迪F0车身腐蚀生锈存在质量问题,"H79,",2020-06-29,用户评分
1,489489,东风日产,蓝鸟,2020款 1.6L CVT 炫酷版,东风日产蓝鸟行驶中方向跑偏变速箱顿挫,"B19,D154,G117,H209,",2020-06-29,厂家受理
2,489488,吉利汽车,缤越,2019款 260T DCT Battle 运动款 国V,吉利缤越车机承诺升级未兑现刹车异响,"D59,E43,L314,",2020-06-29,信息审核
3,489487,吉利汽车,嘉际,2019款 1.5TD MHEV DCT 耀享型,吉利嘉际底盘异响发动机噪音大续航里程不准,"A38,B19,G56,G117,H344,",2020-06-29,处理反馈
4,489486,江淮汽车,江淮iEV6E,2017款 iEV6E,江淮iEV6E动力电池掉电售后不予质保,"H343,",2020-06-29,处理反馈
5,489484,东风标致,标致408,2014款 1.8L 自动 豪华版,东风标致408发动机故障灯亮 空调不制冷,"A34,H101,",2020-06-29,处理反馈
6,489481,吉利汽车,星越,2019款 350T 耀星者,吉利星越车机升级后依然死机希望处理,"H155,O348,",2020-06-29,用户评分
7,489479,一汽-大众,宝来,2020款 1.5L 自动 精英型,一汽大众宝来松开刹车时存在异响,"E43,",2020-06-29,处理反馈
8,489478,海马汽车,海马S5,2016款 1.5T CVT 创享版,海马S5发动机异响变速器故障灯亮厂家未回复,"A9,B96,I294,",2020-06-29,处理反馈
9,489477,吉利汽车,星越,2019款 300T 耀星者,吉利星越车机系统升级后问题没解决,"K307,O348,",2020-06-29,处理反馈
10,489476,广汽丰田,凯美瑞,2007款 240V 2.4 自动 至尊版,广汽丰田凯美瑞中控仪表台脱胶起皮,"H176,",2020-06-29,信息审核
11,489474,广汽三菱,欧蓝德,2020款 2.0L 两驱 畅享版 5座,广汽三菱欧蓝德怠速和行驶中座椅抖动严重,"H268,",2020-06-29,厂家受理
12,489473,广汽本田,凌派,2017款 1.8L CVT 豪华特装版,广汽本田凌派车内有异味4S店不予处理,"H185,I295,I297,",2020-06-29,处理反馈
13,489472,一汽丰田,亚洲龙,2019款 2.0L 进取版 国VI,一汽丰田亚洲龙车窗晃动 中控台异响,"B19,H72,H93,",2020-06-29,信息审核
14,489469,斯巴鲁,森林人,2015款 2.5i 特装纪念版,斯巴鲁森林人方向机回正后喇叭不响,"H151,",2020-06-29,信息审核
15,489468,一汽-大众奥迪,奥迪Q5,2015款 40 TFSI 舒适型 5座,一汽大众奥迪Q5发动机节温器漏防冻液,"A37,",2020-06-29,信息审核
16,489467,江铃汽车,驭胜S330,2016款 1.5L GTDi 手动 两驱 舒适版,江铃驭胜S330轮胎偏磨4S店多次维修未解决,"G245,J298,J301,",2020-06-29,厂家受理
17,489465,长安马自达,马自达3 昂克赛拉,2017款 1.5L 自动 豪华型 三厢 国V,长安马自达昂克赛拉右前轮有金属碰撞声,"G125,",2020-06-29,处理反馈
18,489458,北京奔驰,奔驰A级,2019款 A 200 L 运动轿车,北京奔驰A级车载互联功能无法使用,"H155,",2020-06-29,信息审核
19,489456,吉利汽车,星越,2020款 350T 驭星者AWD,吉利星越车机系统死机与宣传不符,"H155,M279,",2020-06-29,用户评分
20,489455,上汽集团,名爵3,2011款 1.3 手动 舒适版,上汽名爵3正时链条跳齿希望厂家给予解决,"A45,",2020-06-29,处理反馈
21,489454,吉利汽车,星越,2019款 350T 耀星者,吉利星越车机升级后卡顿 要求更换车机硬件,"O348,",2020-06-29,处理反馈
22,489453,长安马自达,马自达3 昂克赛拉,2020款 2.0L 自动 质雅版,长安马自达昂克赛拉中网镀铬装饰条腐蚀掉漆,"H81,H168,",2020-06-29,处理反馈
23,489451,吉利汽车,远景,2016款 1.5L 自动 幸福版,吉利远景行驶过程中齿轮损坏无法行驶,"B77,",2020-06-29,处理反馈
24,489449,一汽-大众,高尔夫·嘉旅,2018款 280TSI 自动 豪华型,一汽大众高尔夫嘉旅韩泰轮胎开裂严重,"F100,",2020-06-29,处理反馈
25,489448,吉利汽车,星越,2019款 改款 350T 耀星者,吉利星越车机升级后依然卡顿 氛围灯损坏,"H82,O348,",2020-06-29,处理反馈
26,489446,一汽-大众奥迪,奥迪A6L,2016款 TFSI 双离合 运动型,一汽大众奥迪A6L内侧门板皮质多处起泡,"H168,",2020-06-29,信息审核
27,489440,长安马自达,马自达3 昂克赛拉,2017款 1.5L 三厢 自动 豪华型 国VI,长安马自达昂克赛拉油门踏板和车身抖动,"A174,G56,G245,H15,",2020-06-29,用户评分
28,489438,长安汽车,长安CS55 PLUS,2020款 1.5T 自动 炫色型,长安CS55 PLUS新车外观存在瑕疵,"H81,",2020-06-29,信息审核
29,489437,一汽-大众,速腾,2018款 280TSI 双离合 豪华型,一汽大众速腾韩泰轮胎多处出现开裂的现象,"F100,",2020-06-29,处理反馈
0,489436,上汽斯柯达,速派,2013款 1.8TSI 自动 名仕版,斯柯达速派事故车维修4S店维修速度过慢,"I295,I282,",2020-06-29,信息审核
1,489431,广汽丰田,凯美瑞,2016款 2.0E 自动 十周年纪念精英版,广汽丰田凯美瑞半轴防尘套漏油质量差,"G161,",2020-06-29,信息审核
2,489428,上汽大众,途观L,2017款 330TSI 两驱 旗舰版,上汽大众途观L变速箱跳挡顿挫存在质量问题,"B19,B27,",2020-06-29,处理反馈
3,489424,一汽奔腾,奔腾B50,2016款 1.6L 手动 豪华型,一汽奔腾B50空调系统故障频繁无保障,"H101,",2020-06-29,厂家受理
4,489418,吉利汽车,缤瑞,2018款 14T CVT 缤纷版,吉利缤瑞发动机转速过高厂家未解决问题,"A35,J301,",2020-06-29,处理反馈
5,489416,东风雪铁龙,雪铁龙C4L,2013款 1.6L 手动 劲智型,东风雪铁龙C4L水泵损坏 发动机烧机油,"A63,A221,",2020-06-29,处理反馈
6,489415,东风日产,逍客,2019款 2.0L CVT 智享版,东风日产逍客变速箱挂挡后无法行驶,"B334,",2020-06-29,厂家受理
7,489414,广汽丰田,凯美瑞,2007款 240G 豪华版,广汽丰田凯美瑞中控仪表台表面老化出油,"H176,",2020-06-29,信息审核
8,489412,吉利汽车,星越,2019款 改款 350T 耀星者,吉利星越升级车机系统后依然卡滞,"O348,",2020-06-29,用户评分
9,489411,众泰汽车,众泰T700,2017款 1.8T 双离合 尊享型,众泰T700变速箱无法换挡厂家没有配件,"B20,N318,",2020-06-29,厂家受理
10,489410,一汽-大众,速腾,2018款 1.6L 自动 舒适型,一汽大众速腾放油螺丝脱落4S店推卸责任,"J300,J299,",2020-06-29,用户评分
11,489408,吉利汽车,博越,2018款 1.8TD 自动 两驱 智联型 4G互联版,吉利博越经销商出售问题车价格不透明,"K308,M284,",2020-06-29,处理反馈
12,489403,上汽大众,凌渡,2015款 280TSI DSG 豪华版,上汽大众凌渡变速箱故障无法加速不给解决,"B334,B115,I297,",2020-06-29,信息审核
13,489396,吉利汽车,帝豪,2014款 1.5L 手动 精英型 三厢,吉利帝豪车门漆面脱落存在质量问题,"H81,",2020-06-29,信息审核
14,489394,沃尔沃亚太,沃尔沃S60,2020款 T4 智逸豪华版,亚太沃尔沃S60经销商新车保险无效服务差,"I295,I293,K307,K308,L313,O353,",2020-06-29,信息审核
15,489393,吉利汽车,星越,2019款 350T 耀星者,吉利星越轮胎尺寸与出厂宣传不符,"M279,",2020-06-29,处理反馈
16,489392,知豆电动车,知豆D2,2017款 D2S,知豆D2左前大灯及行车电脑一直无配件,"N318,",2020-06-29,厂家受理
17,489388,上汽集团,名爵6,2018款 20T 自动 精英智联版 国VI,上汽名爵6变速箱异响悬挂异响4S店不解决,"A9,B33,B19,D59,G56,H101,I295,J298,",2020-06-29,处理反馈
18,489387,北京奔驰,奔驰C级,2013款 260 时尚型 Grand Edition,北京奔驰C级发动机抖动故障灯常亮,"A24,A34,A255,",2020-06-29,信息审核
19,489386,长安马自达,马自达3 昂克赛拉,2020款 2.0L 自动 质雅版,长安马自达昂克赛拉车机故障希望厂家处理,"H134,",2020-06-29,处理反馈
20,489380,上汽大众,朗逸,2015款 1.6L 自动 风尚版,上汽大众朗逸韩泰轮胎开裂影响行驶安全,"F100,",2020-06-29,信息审核
21,489377,一汽-大众,高尔夫,2020款 280TSI DSG R-Line型,一汽大众高尔夫4S店漆面维修后出现新伤,"A9,A38,A163,J300,O305,",2020-06-29,处理反馈
22,489374,猎豹汽车,猎豹CS10,2015款 2.0T 手动 卓越版,猎豹CS10发动机怠速异响变速箱挂挡异响,"A9,B33,E43,E269,I295,J303,",2020-06-29,信息审核
23,489371,奇瑞汽车,瑞虎5,2017款 1.5T CVT 舒适版,奇瑞瑞虎5实车信息与厂家系统不符,"M279,",2020-06-29,厂家受理
24,489370,一汽奔腾,奔腾T77,2019款 230 TID 自动 尊享型 国V,一汽奔腾T77变速箱挂挡有打铁异响,"B33,",2020-06-29,处理反馈
25,489369,江西五十铃,铃拓,2019款 2.5T 四驱 手动 基本款 加长版 JE4D25Q5A,江西五十铃铃拓发动机故障灯亮加速无力,"A34,A163,",2020-06-29,信息审核
26,489368,瑞驰新能源,瑞驰新能源S513,2020款 智豪型,瑞驰新能源S513经销商退车承诺不兑现,"L313,",2020-06-29,信息审核
27,489367,长安汽车,长安CS35,2017款 1.6L 自动 豪华型,长安CS35行驶中方向盘跑偏无法解决,"G117,",2020-06-29,厂家受理
28,489364,上汽集团,荣威550,2008款 1.8T 自动/手动 品仕版 550G,上汽荣威550 ABS泵故障导致发动机故障,"E74,",2020-06-29,处理反馈
29,489363,一汽-大众,宝来,2020款 1.5L 自动 时尚型,一汽大众宝来发动机启停故障 4S店态度差,"H263,I293,",2020-06-29,处理反馈
0,489361,东风日产,骐达TIIDA,2019款 1.6L CVT 智尊版 国Ⅵ,东风日产骐达悬架生锈腐蚀厂家未回复,"H79,",2020-06-29,厂家受理
1,489359,北京现代,途胜,2015款 1.6T   双离合 两驱 智能型,北京现代途胜变速箱低速顿挫起步车身抖动,"A24,B19,",2020-06-29,厂家受理
2,489358,江淮汽车,瑞风A60,2017款 1.5T GDI 自动 豪华商务型,江淮瑞风A60变速箱不升挡厂家不处理,"B20,",2020-06-29,处理反馈
3,489356,潍柴汽车,潍柴汽车U70,2020款 1.5T 自动 智享精英版 5座,潍柴U70高速行驶中挡位失灵要求退车,"B246,",2020-06-29,信息审核
4,489353,东风日产,逍客,2016款 2.0L CVT 豪华版,东风日产逍客变速箱阀体故障厂家不处理,"B84,",2020-06-29,厂家受理
5,489348,上汽大众,朗逸,2017款 1.6L 自动 舒适版,上汽大众朗逸韩泰轮胎开裂影响安全,"F100,",2020-06-29,信息审核
6,489346,一汽-大众,高尔夫,2017款 1.6L 自动 舒适百万辆纪念版,一汽大众高尔夫变速箱升挡迟缓前轮有异响,"B84,G125,",2020-06-29,处理反馈
7,489345,保时捷,Cayenne,2019款 Cayenne 3.0T,保时捷Cayenne车窗无法升降 大灯不亮,"H67,H82,",2020-06-29,信息审核
8,489344,一汽-大众,探岳,2019款 330TSI 两驱 豪华型 国Ⅵ,一汽大众探岳大灯亮度不足降挡时变速箱异响,"B33,H146,H82,H60,",2020-06-29,处理反馈
9,489342,吉利汽车,博瑞,2015款 1.8T 舒适型,吉利博瑞电动转向机故障4S店不给索赔,"D265,I295,I297,Q323,",2020-06-29,处理反馈
10,489341,上汽大众,Polo,2019款 Plus 1.5L 自动 全景乐享版,上汽大众Polo行驶过程中变速箱抖动,"B95,",2020-06-29,厂家受理
11,489340,北京现代,领动,2016款 1.6L 自动 智炫·精英型,北京现代领动锦湖轮胎鼓包希望厂家处理,"F39,",2020-06-29,厂家受理
12,489337,上汽通用五菱,新宝骏RC-6,2019款 1.5T CVT 24小时在线精英型,新宝骏RC-6刹车异响 车联网手机非常烫,"E43,H155,",2020-06-29,信息审核
13,489336,东风乘用车,风神AX4,2017款 1.6L 双离合 潮尚型,东风风神AX4万力轮胎开裂 中控屏黑屏,"F100,H134,",2020-06-29,用户评分
14,489335,长安马自达,马自达3 昂克赛拉,2017款 1.5L 自动 豪华型 两厢 国V,长安马自达昂克赛拉后视镜无法折叠和打开,"H211,",2020-06-29,处理反馈
15,489334,东风雪铁龙,雪铁龙C4L,2014款 1.6THP 自动 车载互联劲智型,东风雪铁龙C4L电子节温器损坏空调不能制冷,"A191,H101,",2020-06-29,用户评分
16,489332,捷豹,捷豹F-PACE,2019款 2.0T 四驱 都市尊享版,捷豹F-PACE经销商销售维修过的问题车,"M284,",2020-06-29,处理反馈
17,489330,众泰汽车,众泰SR9,2017款 2.0T 自动 极致之梦版,众泰SR9变速箱挂入D挡后车辆无法行驶,"B334,I294,",2020-06-29,处理反馈
18,489328,上汽大通,上汽MAXUS G20,2019款 首发款 2.0T 自动 智尊版 国V,上汽MAXUS G20车门异响 车身漏水,"H72,H109,",2020-06-29,处理反馈
19,489327,吉利汽车,缤越,2020款 PRO 260T DCT Battle,吉利缤越氛围灯与宣传不符厂家未回复处理,"I294,L314,M279,",2020-06-29,信息审核
20,489326,一汽-大众奥迪,奥迪A4L,2019款 40 TFSI 时尚型 国V,一汽大众奥迪A4L中控异响 变速箱异响 ,"B33,H93,",2020-06-29,信息审核
21,489323,众泰汽车,大迈X7,2017款 1.8T DCT 尊贵型,众泰大迈X7底盘异响厂家无配件更换,"G117,N318,",2020-06-29,处理反馈
22,489322,上汽斯柯达,柯珞克,2019款 TSI280 智行豪华版 国Ⅵ,斯柯达柯珞克发动机烧机油邓禄普轮胎鼓包,"A9,A63,B19,D123,F39,H101,H118,",2020-06-29,信息审核
23,489320,一汽吉林,森雅R7,2017款 1.6L 自动 智能型,一汽吉林森雅R7发动机无法启动气囊灯亮,"A34,A44,H103,",2020-06-29,信息审核
24,489319,长安马自达,马自达3 昂克赛拉,2016款 1.5L 自动 豪华型 三厢,长安马自达昂克赛拉中控屏角上裂纹,"H168,",2020-06-29,处理反馈
25,489318,一汽丰田,卡罗拉,2019款 1.2T S-CVT GLX-i旗舰版,一汽丰田卡罗拉驾驶室左侧中控台有异响,"H93,",2020-06-29,信息审核
26,489315,一汽丰田,RAV4荣放,2019款 2.0L CVT 两驱 先锋版 国VI,一汽丰田RAV4荣放经销商不让报废车辆,"K325,",2020-06-29,信息审核
27,489311,北京汽车,智行,2019款 1.5T 手动 精英版 国VI,北汽绅宝智行后备箱漏水导致门锁打不开,"H109,",2020-06-29,处理反馈
28,489309,长安汽车,长安CS75 PLUS,2020款 1.5T 自动 尊贵型,长安CS75 PLUS 360全景摄像头不清晰,"H134,",2020-06-29,信息审核
29,489307,一汽-大众,迈腾,2016款 1.8TSI 智享舒适型,一汽大众迈腾发动机火花塞断裂质量差,"A173,",2020-06-29,用户评分
0,489306,吉利汽车,帝豪,2016款 1.5L 手动 豪华版 三厢,吉利帝豪车身生锈4S店服务承诺不兑现,"H79,I297,L314,",2020-06-29,用户评分
1,489298,吉利汽车,缤越,2019款 260T DCT 骑士 国VI,吉利缤越4S店将低配车型冒充高配车型出售,"M280,",2020-06-29,处理反馈
2,489296,一汽大众,捷达VS5,2019款 280TSI 自动 悦享型,捷达VS5玲珑轮胎开裂老化涡轮增压器生锈,"E43,F100,H79,I295,",2020-06-29,处理反馈
3,489295,一汽-大众奥迪,奥迪A4L,2019款 40 TFSI 进取型 国VI,一汽大众奥迪A4L多个故障灯亮车辆无法行驶,"H202,",2020-06-29,信息审核
4,489292,一汽-大众奥迪,奥迪Q5,2017款 2.0T 40 TFSI 技术型,一汽大众奥迪Q5经销商疑似使用旧件,"N316,",2020-06-29,信息审核
5,489291,长安马自达,马自达3 昂克赛拉,2016款 1.5L 自动 豪华型 三厢,长安马自达昂克赛拉导航显示屏边角破裂,"H134,",2020-06-29,处理反馈
6,489289,众泰汽车,众泰T600,2015款 1.5T 手动 尊贵型,众泰T600售后人员判断错误不退还费用,"J301,J306,",2020-06-29,厂家受理
7,489287,长安汽车,尼欧Ⅱ,2019款 灵动型,长安尼欧Ⅱ动力电池断电存在安全隐患	,"H343,",2020-06-29,信息审核
8,489286,吉利汽车,远景S1,2018款 1.4T CVT 锋驰型,吉利远景S1刹车异响车门生锈掉漆变速箱抖动,"B95,E43,H79,H81,",2020-06-29,处理反馈
9,489284,吉利汽车,星越,2019款 改款 350T 耀星者,吉利星越发动机噪音大雨刮电机异响车机卡顿,"A38,G204,H155,H60,",2020-06-29,用户评分
10,489279,吉利汽车,星越,2019款 350T 耀星者,吉利星越车机系统升级后死机卡滞 车内异响,"H164,H155,O348,",2020-06-29,处理反馈
11,489277,东风标致,标致408,2015款 1.2T 自动 豪华版,东风标致408发动机烧机油4S店过度维修,"A63,J306,K307,",2020-06-29,处理反馈
12,489276,北京现代,现代ix25,2019款 1.6L 自动 智能型纪念款,北京现代ix25后备箱及元宝梁生锈 车门异响,"H79,H72,H89,H169,",2020-06-29,厂家受理
13,489274,广汽菲克菲亚特,菲翔,2013款 1.4T  周年纪念版,广汽菲亚特菲翔变速箱失效低速行驶顿挫,"B33,B19,B96,",2020-06-29,厂家受理
14,489271,吉利汽车,帝豪,2016款 1.5L 手动 向上版 三厢,吉利帝豪胎压监测系统故障4S店未解决,"H203,",2020-06-29,处理反馈
15,489269,上汽通用五菱,五菱宏光,2019款 1.5L S 基本型 L2B,上汽通用五菱宏光中控无原厂配件,"N319,",2020-06-29,厂家受理
16,489267,上汽大众,途安,2016款 途安L 280TSI 自动 舒适版,上汽大众途安后备箱无法打开A柱漏水严重,"H68,H90,",2020-06-29,信息审核
17,489266,奇瑞汽车,艾瑞泽GX,2018款 1.5T CVT 型色版 国V,奇瑞艾瑞泽GX行驶中失去动力影响人身安全,"B334,",2020-06-29,用户评分
18,489264,东风本田,本田XR-V,2017款 1.8L EXi CVT 舒适版,东风本田XR-V车门内饰脱皮老化要求处理,"H168,",2020-06-29,处理反馈
19,489263,上汽集团,荣威550,2012款 1.8T 自动 超值限量足金版,上汽荣威550手刹杆胶条老化 空调开关老化,"H157,",2020-06-29,处理反馈
20,489261,北汽银翔,幻速S6,2017款 1.5T CVT 尊享型,北汽幻速S6倒车有时方向机处有异响,"D59,O326,",2020-06-29,信息审核
21,489256,海马汽车,海马8S,2019款 1.6TGDI 自动 智版,海马8S发动机动力弱变速箱顿挫厂家未回复,"A163,B19,H89,I294,",2020-06-29,处理反馈
22,489255,比亚迪,比亚迪e5,2018款 450 智联 畅享型,比亚迪e5动力电池故障4S店服务态度恶劣,"H343,I295,I293,I282,I281,J298,J303,N318,",2020-06-29,处理反馈
23,489254,吉利新能源,博瑞新能源,2018款 1.5T PHEV 耀领版,吉利博瑞新能源转向沉续航电量无法保持,"D156,Q322,",2020-06-29,用户评分
24,489248,东风标致,标致408,2011款 2.0 自动 舒适版,东风标致408油箱漏油影响驾驶安全,"H75,",2020-06-29,处理反馈
25,489246,广汽本田,缤智,2015款 1.8L CVT 两驱豪华型,广汽本田缤智变速箱异响顿挫 发动机熄火,"A14,B33,B19,",2020-06-29,处理反馈
26,489243,长城汽车,哈弗H6 Coupe,2016款 1.5T 自动 两驱都市型,哈弗H6 Coupe	天窗漏水 多媒体杂音,"H134,H90,",2020-06-29,用户评分
27,489241,广汽丰田,雷凌,2019款 185T CVT 运动版 国VI,广汽丰田雷凌车窗框架生锈存在质量问题,"H79,",2020-06-29,信息审核
28,489237,吉利汽车,博越,2018款 1.8TD 自动 两驱 智雅型,吉利博越中控台 方向盘 内饰多处异响,"D59,H164,H93,",2020-06-29,处理反馈
29,489236,吉利汽车,星越,2019款 改款 350T 耀星者,吉利星越车机与宣传不符 续航里程不显示,"H202,M279,",2020-06-29,处理反馈
0,489235,上汽集团,名爵6,2018款 20T 自动 尊享互联网版 国VI,上汽名爵6四轮定位后吃胎 服务态度差,"I293,J300,J303,",2020-06-29,处理反馈
1,489233,东风悦达起亚,智跑,2018款 2.0L 自动 智享豪华版,东风悦达起亚智跑减震器异响 变速箱顿挫,"B19,G52,",2020-06-29,处理反馈
2,489232,北京奔驰,奔驰C级,2019款 C 180 L 动感型 运动版,北京奔驰C级全款买车4S店未提供登记证书,"O353,",2020-06-28,信息审核
3,489231,一汽-大众奥迪,奥迪A4L,2019款 40 TFSI 进取型 国V,一汽大众奥迪A4L变速箱降挡异响 顿挫,"B33,B19,D156,G56,",2020-06-28,信息审核
4,489229,奇瑞汽车,艾瑞泽7e,2016款 1.6L e 致尚版,奇瑞艾瑞泽7e变速箱没有倒挡要求处理,"B20,",2020-06-28,处理反馈
5,489225,广汽三菱,欧蓝德,2019款 2.4L 四驱 致享版 7座 国V,广汽三菱欧蓝德召回后动力下降油耗高噪音大,"A38,A163,A85,Q323,",2020-06-28,厂家受理
6,489222,一汽大众,捷达VS5,2019款 280TSI 自动 荣耀型,捷达VS5玲珑轮胎有裂纹而且有漏气的现象,"F100,F41,",2020-06-28,处理反馈
7,489220,领克汽车,领克03,2019款 2.0TD 自动 劲Pro版,领克03不平路面行驶时中控台有异响,"H93,",2020-06-28,处理反馈
8,489215,众泰汽车,众泰SR9,2017款 2.0T 自动 极致之心版,众泰SR9变速箱故障高速行驶空转低速迟钝,"B84,",2020-06-28,处理反馈
9,489213,东风日产,天籁,2020款 2.0L XL 舒适版,东风日产天籁低速刹车出现异常响声,"E43,",2020-06-28,处理反馈
10,489211,吉利汽车,星越,2019款 350T AWD 驭星者,吉利星越车机延迟卡顿黑屏与宣传不符,"H155,M279,",2020-06-28,处理反馈
11,489210,一汽-大众,速腾,2012款 1.4TSI DSG 豪华型,一汽大众速腾变速箱机电单元损坏无倒车,"B96,B84,",2020-06-28,处理反馈
12,489209,江铃集团新能源,江铃E100B,2016款 标准型,江铃E100B充电过程中自动断电一直未解决,"H340,",2020-06-28,处理反馈
13,489207,江铃汽车,驭胜S330,2016款 1.5L GTDi 自动 两驱 舒适版,江铃驭胜S330转向机损坏希望尽快解决,"D265,",2020-06-28,厂家受理
14,489205,广汽三菱,劲炫ASX,2018款 2.0L CVT 两驱 智橙版,广汽三菱劲炫中控异响一直未解决,"H164,H93,",2020-06-28,厂家受理
15,489204,上汽集团,名爵HS,2019款 20T 自动 两驱 Trophy超跑版 国VI,上汽名爵HS变速箱异响 刹车异响,"B33,E43,",2020-06-28,厂家受理
16,489203,一汽吉林,森雅R7,2017款 1.6L 自动 智能型,一汽吉林森雅R7倒车雷达损坏 半轴异响,"G161,H134,",2020-06-28,信息审核
17,489200,广汽乘用车,传祺GS5,2019款 270T 自动 尊享版,广汽传祺GS5换挡时变速箱顿挫明显,"B19,",2020-06-28,用户评分
18,489197,广汽丰田,凯美瑞,2015款 2.5HG CVT 豪华导航版 双擎,广汽丰田凯美瑞左右半轴位置漏油,"G51,",2020-06-28,信息审核
19,489196,一汽-大众奥迪,奥迪Q5L,2020款 40 TFSI 荣享时尚型,一汽大众奥迪Q5L后排座椅下方网关进水,"H109,",2020-06-28,信息审核
20,489192,吉利汽车,博越,2016款 1.8TD 自动 两驱 智联型,吉利博越变速箱跳挡4S店一直告知正常,"B27,",2020-06-28,处理反馈
21,489191,一汽-大众,速腾,2018款 280TSI 双离合 舒适型,一汽大众速腾发动机哒哒异响4S店告知正常,"A9,",2020-06-28,处理反馈
22,489188,上汽集团,名爵ZS,2019款 1.5L 自动 全球尊享互联网版 国VI,上汽名爵ZS车灯不亮4S店拒绝质保,"H82,I297,",2020-06-28,厂家受理
23,489185,长安汽车,长安CS35,2015款 1.6L 自动 豪华型 国IV,长安CS35车速80码撞击后气囊未弹出,"H103,",2020-06-28,厂家受理
24,489182,上汽通用五菱,宝骏530,2018款 1.5T DCT 旗舰型 国V,宝骏530更换新变速箱后再次出现故障,"B96,",2020-06-28,信息审核
25,489181,东风悦达起亚,智跑,2019款 2.0L 自动 智享豪华版,东风悦达起亚智跑发动机异响变速箱顿挫,"A,B,",2020-06-28,处理反馈
26,489180,北京奔驰,奔驰C级,2017款 改款 C 180 L 动感型运动版,北京奔驰C级水杯槽边缘装饰条脱落,"H157,",2020-06-28,信息审核
27,489178,东风日产,逍客,2016款 2.0L CVT 豪华版,东风日产逍客行驶中变速箱出现故障码,"B96,",2020-06-28,用户评分
28,489177,东风悦达起亚,起亚K3,2019款 1.5L CVT 新锐版,东风悦达起亚K3车灯高度低照明效果差,"H82,",2020-06-28,厂家受理
29,489176,雷诺（进口）,Espace,2018款 300 雅颂巴黎版 TCe,进口雷诺Espace通电后空调出风口异响,"H101,",2020-06-28,信息审核
0,489172,猎豹汽车,猎豹CS10,2017款 2.0T 手动 风尚型,猎豹CS10车窗升降器故障 免费保养不兑现,"H67,L313,",2020-06-28,信息审核
1,489171,一汽丰田,RAV4荣放,2020款 2.0L CVT 两驱 风尚版,一汽丰田RAV4荣放车架生锈 发动机舱进泥沙,"H79,Q322,",2020-06-28,信息审核
2,489169,领克汽车,领克02,2018款 1.5T DCT 两驱 劲版 国V,领克02变速箱异响 转向异响 油门踏板震动,"A174,B33,D59,H155,",2020-06-28,处理反馈
3,489168,长安马自达,马自达CX-5,2017款 2.0L 自动 两驱 智享型 国V,长安马自达CX-5主驾驶车窗无法升降,"H67,",2020-06-28,处理反馈
4,489166,上汽大众,途观L,2017款 330TSI 两驱 豪华版,上汽大众途观L变速箱发动机异响严重,"A9,B33,D59,",2020-06-28,信息审核
5,489164,奇瑞汽车,艾瑞泽GX,2019款 Pro 1.5T 手动 型色版 国VI,奇瑞艾瑞泽GX行驶中方向跑偏希望厂家处理,"G117,",2020-06-28,处理反馈
6,489160,一汽-大众,探岳,2019款 330TSI 四驱 豪华型 国V,一汽大众探岳大灯透明度不足影响安全,"H82,",2020-06-28,用户评分
7,489159,东风本田,思铂睿,2015款 2.4L DCT Si,东风本田思铂睿刹车失灵存在安全隐患,"E29,",2020-06-28,信息审核
8,489158,北京现代,领动,2019款 1.4T 双离合 炫动·活力型,北京现代领动涡轮增压器和转向异响,"A9,A34,A189,D59,",2020-06-28,信息审核
9,489157,长安马自达,马自达3 昂克赛拉,2020款 2.0L 自动 质雅版,长安马自达昂克赛拉加速时发动机异响,"A9,",2020-06-28,处理反馈
10,489156,长安马自达,马自达3 昂克赛拉,2016款 1.5L 手动 舒适型 三厢,长安马自达昂克赛拉仪表盘装饰件掉漆,"H81,",2020-06-28,信息审核
11,489147,知豆电动车,知豆D1,2015款 标准型,知豆D1动力电池故障一直不予更换,"H343,",2020-06-28,厂家受理
12,489146,上汽集团,荣威RX5 MAX,2019款 300TGI 自动 智能座舱豪华版,上汽荣威RX5 MAX车身多处生锈影响美观,"H79,",2020-06-28,处理反馈
13,489145,吉利汽车,博瑞,2020款 1.5T MHEV 耀享版,吉利博瑞旧车置换补贴款承诺不兑现,"L313,",2020-06-28,用户评分
14,489143,北京现代,领动,2019款 1.5L CVT 智炫·精英型,北京现代领动换完方向机和管柱转向灯常亮,"J300,",2020-06-28,信息审核
15,489142,广汽乘用车,传祺GM6,2019款 270T 手动 精英版（七座）国VI,广汽传祺GM6合格证20天不给希望处理,"O353,",2020-06-28,处理反馈
16,489134,一汽-大众奥迪,奥迪Q3,2016款 35 TFSI 风尚型,一汽大众奥迪Q3变速箱发热 油门加速无动力,"B96,B334,",2020-06-28,厂家受理
17,489133,吉利汽车,星越,2019款 改款 350T 驭星者AWD,吉利星越车机系统升级后未能解决问题,"O348,",2020-06-28,处理反馈
18,489130,广汽本田,雅阁,2018款 260TURBO 精英版 国VI,广汽本田雅阁行驶中发动机故障灯亮失去动力,"A34,A255,",2020-06-28,处理反馈
19,489127,上汽大众,凌渡,2018款 230TSI 双离合 风尚版,上汽大众凌渡变速箱升挡异响行驶噪音大,"B33,H268,I295,",2020-06-28,信息审核
20,489126,奇瑞汽车,瑞虎,2012款 1.6DVVT 手动 舒适型 精英版,奇瑞瑞虎车身漆面生锈起泡希望厂家处理,"H79,H81,",2020-06-28,处理反馈
21,489125,上汽大众,途观L,2017款 380TSI 四驱 豪华版,上汽大众途观L向左转弯异响希望厂家处理,"G105,",2020-06-28,信息审核
22,489121,吉利汽车,缤越,2019款 260T DCT 游侠 国VI,吉利缤越主驾驶侧漏风 车机系统不能升级,"H144,L314,O348,",2020-06-28,处理反馈
23,489119,上汽大众,凌渡,2015款 330TSI DSG 豪华版,上汽大众凌渡隔音棉导致车内异味严重,"H185,",2020-06-28,信息审核
24,489118,吉利汽车,缤越,2019款 260T DCT 游侠 国VI 运动款,吉利缤越副驾主驾风噪大4S店保养变相收费,"H144,K307,L314,",2020-06-28,处理反馈
25,489115,一汽-大众,速腾,2019款 280TSI DSG 舒适型 国V,一汽大众速腾发动机出现严重烧机油,"A63,",2020-06-28,处理反馈
26,489114,吉利汽车,博越,2020款 1.8TD DCT 智尊PRO,吉利博越挡位指示灯与厂家宣传不符,"M279,",2020-06-28,处理反馈
27,489113,吉利汽车,缤越,2020款 PRO 260T DCT Battle,吉利缤越左侧刹车异响希望尽快处理,"E43,",2020-06-28,处理反馈
28,489109,奇瑞新能源,奇瑞eQ1,2017款 智炫版,奇瑞eQ1动力电池故障导致发动机无法启动,"H343,",2020-06-28,信息审核
29,489108,华晨宝马,宝马X3,2019款 xDrive28i M运动套装,华晨宝马X3天窗漏水导致顶棚地毯湿透,"H90,",2020-06-28,处理反馈
0,489101,北京汽车,绅宝X35,2016款 1.5L 自动 精英版,绅宝X35倒车影像无法启动影响使用,"H134,",2020-06-28,处理反馈
1,489100,一汽-大众,C-TREK蔚领,2017款 1.6L 自动 舒适型,一汽大众蔚领天窗漏水导致车内有大量积水,"H90,",2020-06-28,用户评分
2,489099,上汽大众,朗逸,2017款 1.6L 自动 舒适版,上汽大众朗逸韩泰轮胎开裂影响驾驶安全,"F100,",2020-06-28,信息审核
3,489097,华晨宝马,宝马3系,2019款 320Li 时尚型,华晨宝马X1后备箱积水导致电路板线路腐蚀断裂,"H109,",2020-06-28,用户评分
4,489096,上汽集团,名爵HS,2019款 20T 自动 两驱 豪华版 国VI,上汽名爵HS蓝天置换补贴款一万元一直未发送,"L313,",2020-06-28,厂家受理
5,489095,北京越野,北京BJ20,2016款 1.5T 手动 豪华型,北京BJ20天窗漏水存在质量问题要求解决,"H90,",2020-06-28,处理反馈
6,489093,吉利汽车,星越,2019款 改款 350T 驭星者,吉利星越车机系统升级后交互功能无法使用,"O348,",2020-06-28,处理反馈
7,489087,上汽斯柯达,速派,2018款 TSI330 DSG 舒适版 国V,斯柯达速派变速箱机电单元故障希望处理,"B115,",2020-06-28,信息审核
8,489085,一汽丰田,普锐斯,2005款 1.5 织物版,一汽丰田普锐斯行驶过程中仪表黑屏突然熄火,"A14,H202,",2020-06-28,信息审核
9,489083,北京现代,现代ix35,2018款 2.0L 自动 两驱 智勇·畅享版,北京现代ix35发动机拉缸损坏4S店不处理,"A329,",2020-06-28,信息审核
10,489082,长城汽车,哈弗H6 Coupe,2015款 2.0T 自动 两驱尊贵型,哈弗H6 Coupe变速箱故障售后不予更换,"B84,B77,",2020-06-28,处理反馈
11,489079,奇瑞汽车,艾瑞泽7,2016款 1.6L CVT 致尚版,奇瑞艾瑞泽7车门多处位置生锈腐蚀,"H79,",2020-06-28,处理反馈
12,489078,东风雪铁龙,雪铁龙C4L,2014款 1.8L 自动 智驱版 劲享型,东风雪铁龙C4L天窗内有尖锐金属声导致漏水,"H90,",2020-06-28,处理反馈
13,489077,东风日产,楼兰,2015款 2.5L 两驱 智享版 XL NAVI,东风日产楼兰变速箱阀体损坏希望解决,"B84,",2020-06-28,厂家受理
14,489076,上汽斯柯达,Yeti,2017款 TSI280 DSG 前行版,斯柯达Yeti车身漏水导致车内积水,"H109,",2020-06-28,厂家受理
15,489075,华晨宝马,宝马3系,2020款 325Li M运动曜夜套装,华晨宝马3系防冻液渗漏影响发动机工作,"A37,",2020-06-28,用户评分
16,489073,众泰汽车,众泰E200,2018款 飞鱼座,众泰E200索赔手套箱一直无配件更换,"N318,",2020-06-28,信息审核
17,489070,一汽-大众,宝来,2018款 1.5L 自动 时尚型,一汽大众宝来发动机爆震敲缸异响严重,"A9,A18,",2020-06-28,信息审核
18,489068,上汽斯柯达,速派,2019款 TSI330 DSG 舒适版,斯柯达速派发动机冷却系统故障 水温高,"A191,",2020-06-28,厂家受理
19,489060,东风汽车,御风S16,2017款 1.9T 手动 两驱 精英型 5座,东风御风S16变速箱漏油转向异响严重,"B22,D59,",2020-06-28,信息审核
20,489059,一汽丰田,威驰,2019款 1.5L CVT 创行版,一汽丰田威驰销售承诺赠送精品座垫未兑现,"L313,N317,",2020-06-28,信息审核
21,489057,广汽丰田,雷凌,2019款 185T CVT 豪华版 国V,广汽丰田雷凌轮毂轴承漏油 车内异响,"G105,H164,",2020-06-28,处理反馈
22,489055,东风标致,标致308S,2015款 1.2T 自动 劲驰版,东风标致308S碳罐内进入汽油导致发动机熄火,"A24,A14,H271,",2020-06-28,处理反馈
23,489053,一汽-大众,迈腾,2017款 330TSI DSG 豪华型,一汽大众迈腾变速箱开启紧急模式无奇数挡,"B20,B96,",2020-06-28,处理反馈
24,489050,吉利汽车,远景,2017款 1.5L 自动 幸福版,吉利远景变速箱损坏导致车辆无法行驶,"B334,",2020-06-28,处理反馈
25,489049,长城汽车,哈弗H6 Coupe,2015款 2.0T 自动 两驱精英型,哈弗H6 coupe天窗漏水导致扬声器没有声音,"H134,H90,",2020-06-28,处理反馈
26,489048,吉利汽车,缤越,2019款 260T DCT Battle 运动款 国V,吉利缤越车机系统升级承诺不兑现转向柱漏油,"D58,H164,H144,L314,",2020-06-28,用户评分
27,489046,北汽昌河,昌河Q7,2018款 1.5T CVT 豪华型 5座,北汽昌河Q7变速箱渗油启动马达失灵,"A44,G51,",2020-06-28,信息审核
28,489045,一汽-大众奥迪,奥迪Q5L,2020款 40 TFSI 荣享时尚型,一汽大众奥迪Q5L打开点火开关后音响有异响,"H134,",2020-06-28,信息审核
29,489043,东风本田,INSPIRE,2019款 260TURBO 精致版 国V,东风本田INSPIRE左后轮位置异响严重,"G204,",2020-06-28,信息审核
0,489042,一汽-大众,迈腾,2017款 330TSI DSG 豪华型,一汽大众迈腾变速器机电控制单元故障,"B84,",2020-06-28,用户评分
1,489040,吉利汽车,帝豪,2017款 1.3T 手动 向上版 三厢 百万款,吉利帝豪车辆行驶中自动熄火4S店不予保修,"A14,A255,I295,I297,",2020-06-28,用户评分
2,489033,东风悦达起亚,起亚KX5,2016款 1.6T 自动 两驱DLX,东风悦达起亚KX5空调出风温度不一致,"H101,",2020-06-28,处理反馈
3,489032,上汽集团,名爵6,2018款 20T 自动 豪华智联版 国VI,上汽名爵6变速箱顿挫异响 保险杠漆面开裂,"B33,B19,H81,",2020-06-28,处理反馈
4,489031,一汽-大众奥迪,奥迪Q5,2017款 2.0T 40 TFSI 技术型,一汽大众奥迪Q5转向异响存在质量问题,"D59,",2020-06-28,信息审核
5,489030,广汽丰田,凯美瑞,2019款 2.0G 豪华版 国VI,广汽丰田凯美瑞车窗玻璃挂水严重影响视线,"H113,",2020-06-28,用户评分
6,489025,吉利汽车,帝豪GL,2018款 1.8L 自动 精英智联型,吉利帝豪GL低速行驶时变速箱顿挫有异响,"B33,B19,",2020-06-28,用户评分
7,489023,上汽大众,朗逸,2015款 1.6 手动 舒适版,上汽大众朗逸车内一直有异味影响健康,"H185,",2020-06-28,信息审核
8,489020,吉利汽车,帝豪GL,2017款 1.3T 自动 尊贵型,吉利帝豪GL中控车机死机卡顿无法使用,"H155,",2020-06-28,处理反馈
9,489019,一汽奔腾,奔腾T77,2019款 230 TID 自动 豪华型 国VI,一汽奔腾T77发动机故障灯亮加速无力,"A34,A163,",2020-06-28,用户评分
10,489016,广汽丰田,雷凌,2019款 185T CVT 运动版 国V,广汽丰田雷凌普利司通轮胎开裂影响安全,"F100,",2020-06-28,信息审核
11,489014,海马汽车,海马8S,2019款 1.6TGDI 自动 智版,海马8S车身抖动严重希望尽快解决,"H268,",2020-06-28,用户评分
12,489013,江铃汽车,域虎7,2016款 2.4T 四驱 豪华版JX4D24,江铃域虎7车身生锈存在安全隐患,"H79,",2020-06-28,用户评分
13,489009,海马汽车,海马S5,2018款 1.5T 手动 豪华型,海马S5购车赠送常规保养未兑现,"L313,",2020-06-28,用户评分
14,489006,上汽集团,名爵3,2013款 1.5L 手动 精英版,上汽名爵3正时链条无故拉长希望尽快解决,"A45,",2020-06-28,处理反馈
15,489003,一汽大众,捷达VS5,2019款 280TSI 自动 荣耀型,捷达VS5涡轮增压器生锈存在安全隐患,"A189,H79,",2020-06-28,处理反馈
16,489002,北京现代,菲斯塔,2019款 240TGDi 运动版 国VI,北京现代菲斯塔变速箱异响厂家告知正常,"B33,I295,",2020-06-28,处理反馈
17,488998,东风日产,逍客,2016款 2.0L CVT 精英版,东风日产逍客变速箱抖动故障灯亮,"B95,B96,",2020-06-28,处理反馈
18,488997,上汽集团,荣威RX8,2018款 30T 四驱 智联网 至尊版 7座,上汽荣威RX8大梁螺丝出厂不合格,"M284,",2020-06-28,处理反馈
19,488996,吉利汽车,远景,2016款 1.5L 自动 幸福版,吉利远景行驶中失去动力 倒挡无动力,"B334,",2020-06-28,用户评分
20,488995,广汽本田,飞度,2006款 飞度 1.5 CVT,广汽本田飞度冷车起步挂D挡无动力,"B334,",2020-06-28,处理反馈
21,488992,上汽大众,朗逸,2019款 1.5L 手动 舒适版 国VI,上汽大众朗逸玛吉斯轮胎开裂希望厂家处理,"F100,",2020-06-28,处理反馈
22,488990,吉利汽车,星越,2019款 改款 350T 耀星者,吉利星越车机系统死机影响正常使用,"H155,M279,",2020-06-28,处理反馈
23,488987,吉利汽车,远景,2016款 1.5L 自动 幸福版,吉利远景起步加速时变速箱顿挫明显,"B19,",2020-06-28,用户评分
24,488986,长安汽车,长安CS75 PLUS,2020款 2.0T 自动 旗舰型,长安CS75 PLUS自适应续航故障 中控台异响,"H134,H93,H169,H170,",2020-06-28,厂家受理
25,488985,吉利汽车,帝豪GL,2017款 1.3T 手动 精英型,吉利帝豪GL副驾驶座椅缝线开裂海绵漏出,"H168,H169,",2020-06-28,处理反馈
26,488984,华晨宝马,宝马5系,2020款 525Li M运动套装,华晨宝马5系普利司通轮胎内壁破裂,"F100,",2020-06-28,处理反馈
27,488983,吉利汽车,博越,2020款 1.8TD DCT 智尊PRO,吉利博越实车没有前雾灯和挡位显示灯,"M279,",2020-06-28,用户评分
28,488981,吉利汽车,博越,2020款 1.8TD DCT 两驱 智联型4G互联版,吉利博越方向盘多功能按键松动失灵,"H134,",2020-06-28,用户评分
29,488979,广汽菲克Jeep,大指挥官,2018款 2.0T 四驱 悦享版 国V,广汽菲克Jeep大指挥官传动轴生锈,"H79,",2020-06-28,厂家受理
